,Chuquisaca,La Paz,Cochabamba,Oruro,Potos√≠,Tarija,Santa Cruz,Beni,Pando,tipo
2022-10-03,1.00,3.00,11.00,1.00,0.00,5.00,46.00,0.00,1.00,casos
2022-10-04,2.00,11.00,10.00,5.00,1.00,2.00,24.00,0.00,2.00,casos
2022-10-05,1.00,12.00,15.00,0.00,2.00,0.00,24.00,1.00,0.00,casos
2022-10-06,4.00,10.00,15.00,0.00,3.00,0.00,36.00,0.00,0.00,casos
2022-10-07,0.00,16.00,16.00,0.00,2.00,1.00,18.00,0.00,0.00,casos
2022-10-08,0.00,21.00,2.00,0.00,1.00,2.00,16.00,2.00,0.00,casos
2022-10-09,2.00,3.00,0.00,1.00,0.00,0.00,4.00,0.00,0.00,casos
2022-10-10,6.00,1.00,7.00,0.00,1.00,4.00,46.00,0.00,1.00,casos
2022-10-11,7.00,9.00,7.00,1.00,8.00,6.00,12.00,0.00,0.00,casos
2022-10-12,7.00,15.00,5.00,2.00,4.00,0.00,11.00,3.00,0.00,casos
2022-10-13,6.00,17.00,5.00,0.00,1.00,1.00,8.00,0.00,0.00,casos
2022-10-14,1.00,14.00,8.00,1.00,8.00,2.00,11.00,0.00,0.00,casos
2022-10-15,0.00,9.00,1.00,0.00,6.00,0.00,13.00,0.00,1.00,casos
2022-10-16,0.00,5.00,0.00,0.00,0.00,3.00,6.00,0.00,4.00,casos
2022-10-17,1.00,8.00,3.00,4.00,0.00,2.00,22.00,1.00,0.00,casos
2022-10-18,0.00,15.00,9.00,0.00,1.00,6.00,17.00,0.00,0.00,casos
2022-10-19,1.00,7.00,5.00,1.00,1.00,5.00,17.00,1.00,0.00,casos
2022-10-20,0.00,9.00,11.00,1.00,3.00,0.00,24.00,0.00,0.00,casos
2022-10-21,0.00,13.00,5.00,2.00,1.00,0.00,18.00,1.00,1.00,casos
2022-10-22,0.00,18.00,1.00,0.00,1.00,0.00,6.00,0.00,0.00,casos
2022-10-23,0.00,9.00,0.00,0.00,0.00,0.00,4.00,0.00,1.00,casos
2022-10-24,2.00,3.00,5.00,1.00,0.00,4.00,9.00,1.00,0.00,casos
2022-10-25,0.00,6.00,1.00,1.00,0.00,13.00,11.00,0.00,0.00,casos
2022-10-26,1.00,9.00,7.00,1.00,1.00,3.00,9.00,1.00,0.00,casos
2022-10-27,1.00,14.00,7.00,1.00,1.00,1.00,17.00,2.00,0.00,casos
2022-10-28,0.00,15.00,7.00,0.00,0.00,2.00,6.00,0.00,2.00,casos
2022-10-29,0.00,9.00,1.00,1.00,2.00,2.00,3.00,0.00,2.00,casos
2022-10-30,0.00,6.00,2.00,0.00,0.00,0.00,2.00,0.00,0.00,casos
2022-10-31,0.00,2.00,3.00,0.00,0.00,0.00,9.00,0.00,0.00,casos
2022-11-01,2.00,12.00,7.00,0.00,2.00,2.00,5.00,0.00,0.00,casos
2022-11-02,0.00,11.00,5.00,0.00,2.00,0.00,3.00,0.00,0.00,casos
2022-11-03,1.00,2.00,8.00,0.00,1.00,0.00,4.00,1.00,0.00,casos
2022-11-04,1.00,18.00,9.00,2.00,0.00,5.00,12.00,1.00,4.00,casos
2022-11-05,0.00,12.00,4.00,0.00,1.00,0.00,2.00,0.00,1.00,casos
2022-11-06,0.00,3.00,3.00,0.00,0.00,0.00,6.00,0.00,0.00,casos
2022-11-07,1.00,2.00,11.00,1.00,0.00,10.00,13.00,1.00,0.00,casos
2022-11-08,2.00,4.00,8.00,1.00,1.00,2.00,20.00,0.00,0.00,casos
2022-11-09,2.00,12.00,9.00,0.00,2.00,0.00,14.00,1.00,0.00,casos
2022-11-10,1.00,15.00,7.00,0.00,1.00,1.00,8.00,0.00,0.00,casos
2022-11-11,1.00,15.00,9.00,1.00,0.00,0.00,7.00,1.00,0.00,casos
2022-11-12,0.00,10.00,1.00,0.00,1.00,0.00,13.00,0.00,0.00,casos
2022-11-13,0.00,11.00,5.00,0.00,0.00,0.00,0.00,0.00,0.00,casos
2022-11-14,2.00,8.00,14.00,2.00,0.00,2.00,22.00,0.00,1.00,casos
2022-11-15,1.00,26.00,15.00,1.00,1.00,0.00,15.00,0.00,0.00,casos
2022-11-16,3.00,25.00,15.00,1.00,1.00,4.00,16.00,0.00,1.00,casos
2022-11-17,1.00,13.00,14.00,1.00,1.00,0.00,19.00,1.00,0.00,casos
2022-11-18,1.00,31.00,11.00,1.00,1.00,0.00,11.00,0.00,0.00,casos
2022-11-19,1.00,30.00,10.00,1.00,0.00,0.00,8.00,0.00,0.00,casos
2022-11-20,1.00,8.00,4.00,1.00,0.00,0.00,6.00,0.00,0.00,casos
2022-11-21,1.00,13.00,21.00,3.00,0.00,0.00,25.00,1.00,2.00,casos
2022-11-22,2.00,22.00,22.00,1.00,0.00,1.00,14.00,6.00,0.00,casos
2022-11-23,2.00,31.00,18.00,2.00,1.00,4.00,31.00,0.00,0.00,casos
2022-11-24,5.00,44.00,17.00,3.00,1.00,1.00,21.00,0.00,0.00,casos
2022-11-25,4.00,27.00,23.00,0.00,3.00,4.00,39.00,2.00,1.00,casos
2022-11-26,1.00,40.00,14.00,14.00,1.00,1.00,22.00,0.00,0.00,casos
2022-11-27,3.00,34.00,6.00,5.00,1.00,0.00,16.00,0.00,0.00,casos
2022-11-28,3.00,15.00,22.00,0.00,1.00,5.00,63.00,0.00,2.00,casos
2022-11-29,1.00,66.00,33.00,8.00,1.00,3.00,95.00,0.00,2.00,casos
2022-11-30,6.00,63.00,54.00,11.00,0.00,0.00,137.00,0.00,0.00,casos
2022-12-01,6.00,97.00,28.00,7.00,0.00,7.00,136.00,6.00,2.00,casos
2022-12-02,5.00,97.00,33.00,5.00,1.00,4.00,192.00,0.00,43.00,casos
2022-12-03,1.00,83.00,34.00,1.00,6.00,3.00,155.00,0.00,0.00,casos
2022-12-04,0.00,70.00,7.00,2.00,0.00,0.00,113.00,0.00,0.00,casos
2022-12-05,5.00,37.00,48.00,1.00,2.00,5.00,378.00,0.00,20.00,casos
2022-12-06,11.00,65.00,97.00,8.00,1.00,7.00,612.00,2.00,8.00,casos
2022-12-07,14.00,135.00,61.00,7.00,1.00,5.00,871.00,1.00,11.00,casos
2022-12-08,9.00,107.00,110.00,5.00,1.00,8.00,942.00,3.00,18.00,casos
2022-12-09,16.00,107.00,122.00,9.00,3.00,10.00,1016.00,2.00,30.00,casos
2022-12-10,11.00,132.00,51.00,12.00,0.00,9.00,721.00,4.00,16.00,casos
2022-12-11,8.00,38.00,28.00,4.00,2.00,1.00,449.00,1.00,0.00,casos
2022-12-12,26.00,108.00,108.00,1.00,3.00,23.00,1305.00,3.00,16.00,casos
2022-12-13,49.00,117.00,200.00,10.00,3.00,26.00,1821.00,14.00,31.00,casos
2022-12-14,53.00,131.00,215.00,14.00,4.00,30.00,1746.00,31.00,39.00,casos
2022-12-15,72.00,259.00,242.00,20.00,8.00,44.00,1800.00,23.00,70.00,casos
2022-12-16,65.00,190.00,290.00,17.00,15.00,37.00,1821.00,61.00,85.00,casos
2022-12-17,17.00,219.00,165.00,30.00,10.00,17.00,1004.00,10.00,40.00,casos
2022-12-18,5.00,178.00,68.00,15.00,7.00,9.00,547.00,3.00,46.00,casos
2022-12-19,84.00,189.00,292.00,4.00,19.00,66.00,1716.00,33.00,88.00,casos
2022-12-20,87.00,160.00,373.00,30.00,17.00,81.00,1890.00,80.00,79.00,casos
2022-12-21,125.00,388.00,446.00,46.00,24.00,93.00,1728.00,41.00,98.00,casos
2022-12-22,115.00,312.00,544.00,63.00,38.00,128.00,1657.00,65.00,75.00,casos
2022-12-23,162.00,388.00,552.00,57.00,32.00,90.00,1452.00,107.00,72.00,casos
2022-12-24,55.00,456.00,300.00,65.00,15.00,38.00,689.00,95.00,59.00,casos
2022-12-25,23.00,308.00,128.00,31.00,17.00,12.00,286.00,20.00,9.00,casos
2022-12-26,30.00,80.00,183.00,28.00,21.00,11.00,498.00,4.00,5.00,casos
2022-12-27,176.00,95.00,729.00,27.00,23.00,145.00,1486.00,61.00,63.00,casos
2022-12-28,166.00,292.00,710.00,133.00,82.00,167.00,1476.00,78.00,41.00,casos
2022-12-29,184.00,471.00,742.00,85.00,53.00,148.00,922.00,114.00,72.00,casos
2022-12-30,117.00,383.00,675.00,110.00,93.00,111.00,469.00,81.00,31.00,casos
2022-12-31,40.00,424.00,332.00,85.00,76.00,34.00,461.00,43.00,9.00,casos
2022-10-03,0.00,0.00,0.00,0.00,0.00,0.00,0.00,0.00,0.00,decesos
2022-10-04,0.00,0.00,0.00,0.00,0.00,0.00,0.00,0.00,0.00,decesos
2022-10-05,0.00,0.00,0.00,0.00,0.00,0.00,0.00,0.00,0.00,decesos
2022-10-06,0.00,0.00,0.00,0.00,0.00,0.00,0.00,0.00,0.00,decesos
2022-10-07,0.00,0.00,0.00,0.00,0.00,0.00,0.00,0.00,0.00,decesos
2022-10-08,0.00,0.00,0.00,0.00,0.00,0.00,0.00,0.00,0.00,decesos
2022-10-09,0.00,0.00,0.00,0.00,0.00,0.00,0.00,0.00,0.00,decesos
2022-10-10,0.00,0.00,0.00,0.00,0.00,0.00,0.00,0.00,0.00,decesos
2022-10-11,0.00,0.00,0.00,0.00,0.00,0.00,0.00,0.00,0.00,decesos
2022-10-12,0.00,0.00,0.00,0.00,0.00,0.00,0.00,0.00,0.00,decesos
2022-10-13,0.00,0.00,0.00,0.00,0.00,0.00,0.00,0.00,0.00,decesos
2022-10-14,0.00,0.00,0.00,0.00,0.00,0.00,0.00,0.00,0.00,decesos
2022-10-15,0.00,0.00,0.00,0.00,0.00,0.00,0.00,0.00,0.00,decesos
2022-10-16,0.00,0.00,0.00,0.00,0.00,0.00,0.00,0.00,0.00,decesos
2022-10-17,0.00,0.00,0.00,0.00,0.00,0.00,0.00,0.00,0.00,decesos
2022-10-18,0.00,0.00,0.00,0.00,0.00,0.00,0.00,0.00,0.00,decesos
2022-10-19,0.00,0.00,0.00,0.00,0.00,0.00,0.00,0.00,0.00,decesos
2022-10-20,0.00,0.00,0.00,0.00,0.00,0.00,0.00,0.00,0.00,decesos
2022-10-21,0.00,0.00,1.00,0.00,1.00,0.00,0.00,0.00,0.00,decesos
2022-10-22,0.00,0.00,0.00,0.00,0.00,0.00,0.00,0.00,0.00,decesos
2022-10-23,0.00,0.00,0.00,0.00,0.00,0.00,0.00,0.00,0.00,decesos
2022-10-24,0.00,0.00,0.00,0.00,0.00,0.00,0.00,0.00,0.00,decesos
2022-10-25,0.00,0.00,0.00,0.00,0.00,0.00,0.00,0.00,0.00,decesos
2022-10-26,0.00,0.00,0.00,0.00,0.00,0.00,0.00,0.00,0.00,decesos
2022-10-27,0.00,0.00,0.00,0.00,0.00,0.00,0.00,0.00,0.00,decesos
2022-10-28,0.00,0.00,0.00,0.00,0.00,0.00,0.00,0.00,0.00,decesos
2022-10-29,0.00,0.00,0.00,0.00,0.00,0.00,0.00,0.00,0.00,decesos
2022-10-30,0.00,0.00,0.00,0.00,0.00,0.00,0.00,0.00,0.00,decesos
2022-10-31,0.00,0.00,0.00,0.00,0.00,0.00,0.00,0.00,0.00,decesos
2022-11-01,0.00,0.00,0.00,0.00,0.00,0.00,0.00,0.00,0.00,decesos
2022-11-02,0.00,0.00,0.00,0.00,0.00,0.00,0.00,0.00,0.00,decesos
2022-11-03,0.00,0.00,0.00,0.00,0.00,0.00,0.00,0.00,0.00,decesos
2022-11-04,0.00,0.00,0.00,0.00,0.00,0.00,0.00,0.00,0.00,decesos
2022-11-05,0.00,0.00,0.00,0.00,0.00,0.00,0.00,0.00,0.00,decesos
2022-11-06,0.00,0.00,0.00,0.00,0.00,0.00,0.00,0.00,0.00,decesos
2022-11-07,0.00,0.00,0.00,0.00,0.00,0.00,0.00,0.00,0.00,decesos
2022-11-08,0.00,0.00,1.00,0.00,0.00,0.00,0.00,0.00,0.00,decesos
2022-11-09,0.00,0.00,0.00,0.00,0.00,0.00,0.00,0.00,0.00,decesos
2022-11-10,0.00,0.00,0.00,0.00,0.00,0.00,2.00,0.00,0.00,decesos
2022-11-11,0.00,0.00,0.00,0.00,0.00,0.00,0.00,0.00,0.00,decesos
2022-11-12,0.00,0.00,0.00,0.00,0.00,0.00,0.00,0.00,0.00,decesos
2022-11-13,0.00,0.00,0.00,0.00,0.00,0.00,0.00,0.00,0.00,decesos
2022-11-14,0.00,0.00,1.00,0.00,0.00,0.00,0.00,0.00,0.00,decesos
2022-11-15,0.00,0.00,0.00,0.00,0.00,0.00,0.00,0.00,0.00,decesos
2022-11-16,0.00,0.00,0.00,0.00,0.00,0.00,0.00,0.00,0.00,decesos
2022-11-17,0.00,0.00,0.00,0.00,0.00,0.00,0.00,0.00,0.00,decesos
2022-11-18,0.00,0.00,0.00,0.00,0.00,0.00,0.00,0.00,0.00,decesos
2022-11-19,0.00,0.00,0.00,0.00,0.00,0.00,0.00,0.00,0.00,decesos
2022-11-20,0.00,0.00,0.00,0.00,0.00,0.00,0.00,0.00,0.00,decesos
2022-11-21,0.00,0.00,0.00,0.00,0.00,0.00,0.00,0.00,0.00,decesos
2022-11-22,0.00,0.00,0.00,0.00,0.00,0.00,0.00,0.00,0.00,decesos
2022-11-23,0.00,0.00,0.00,0.00,0.00,0.00,0.00,0.00,0.00,decesos
2022-11-24,0.00,0.00,0.00,0.00,0.00,0.00,0.00,0.00,0.00,decesos
2022-11-25,0.00,0.00,0.00,0.00,1.00,0.00,0.00,0.00,0.00,decesos
2022-11-26,1.00,0.00,0.00,0.00,0.00,0.00,0.00,0.00,0.00,decesos
2022-11-27,0.00,0.00,0.00,0.00,0.00,0.00,0.00,0.00,0.00,decesos
2022-11-28,0.00,0.00,0.00,1.00,0.00,0.00,0.00,0.00,0.00,decesos
2022-11-29,0.00,0.00,0.00,0.00,0.00,0.00,0.00,0.00,0.00,decesos
2022-11-30,0.00,0.00,0.00,0.00,0.00,0.00,1.00,0.00,0.00,decesos
2022-12-01,0.00,0.00,0.00,0.00,0.00,0.00,0.00,0.00,0.00,decesos
2022-12-02,0.00,0.00,0.00,0.00,0.00,0.00,0.00,0.00,0.00,decesos
2022-12-03,0.00,0.00,1.00,0.00,0.00,0.00,0.00,0.00,0.00,decesos
2022-12-04,0.00,1.00,0.00,0.00,0.00,0.00,0.00,0.00,0.00,decesos
2022-12-05,0.00,0.00,1.00,0.00,0.00,0.00,0.00,0.00,0.00,decesos
2022-12-06,0.00,0.00,1.00,0.00,0.00,0.00,0.00,0.00,0.00,decesos
2022-12-07,0.00,0.00,0.00,0.00,0.00,0.00,0.00,0.00,0.00,decesos
2022-12-08,0.00,0.00,1.00,0.00,0.00,0.00,0.00,0.00,0.00,decesos
2022-12-09,0.00,0.00,0.00,0.00,0.00,0.00,0.00,0.00,0.00,decesos
2022-12-10,0.00,0.00,0.00,0.00,0.00,0.00,0.00,0.00,0.00,decesos
2022-12-11,0.00,0.00,0.00,0.00,0.00,0.00,0.00,0.00,0.00,decesos
2022-12-12,0.00,0.00,0.00,0.00,0.00,0.00,0.00,0.00,0.00,decesos
2022-12-13,0.00,0.00,0.00,0.00,0.00,0.00,0.00,0.00,0.00,decesos
2022-12-14,0.00,0.00,0.00,1.00,0.00,0.00,8.00,0.00,0.00,decesos
2022-12-15,0.00,0.00,0.00,0.00,0.00,0.00,0.00,0.00,0.00,decesos
2022-12-16,0.00,0.00,0.00,0.00,0.00,0.00,3.00,0.00,1.00,decesos
2022-12-17,0.00,0.00,0.00,0.00,0.00,0.00,0.00,0.00,0.00,decesos
2022-12-18,0.00,0.00,1.00,0.00,0.00,0.00,1.00,0.00,1.00,decesos
2022-12-19,0.00,0.00,0.00,0.00,0.00,0.00,2.00,0.00,0.00,decesos
2022-12-20,0.00,0.00,0.00,0.00,0.00,0.00,3.00,0.00,0.00,decesos
2022-12-21,0.00,0.00,0.00,0.00,0.00,0.00,3.00,0.00,0.00,decesos
2022-12-22,0.00,0.00,0.00,0.00,0.00,0.00,3.00,0.00,0.00,decesos
2022-12-23,0.00,0.00,0.00,1.00,0.00,0.00,2.00,0.00,0.00,decesos
2022-12-24,0.00,0.00,2.00,0.00,0.00,0.00,0.00,0.00,0.00,decesos
2022-12-25,0.00,0.00,1.00,0.00,0.00,0.00,0.00,0.00,0.00,decesos
2022-12-26,0.00,0.00,0.00,0.00,1.00,0.00,0.00,0.00,0.00,decesos
2022-12-27,0.00,0.00,2.00,0.00,0.00,0.00,3.00,1.00,0.00,decesos
2022-12-28,0.00,0.00,0.00,0.00,0.00,0.00,1.00,0.00,0.00,decesos
2022-12-29,0.00,0.00,1.00,0.00,0.00,0.00,7.00,0.00,0.00,decesos
2022-12-30,0.00,0.00,0.00,0.00,0.00,0.00,0.00,0.00,0.00,decesos
2022-12-31,0.00,0.00,0.00,0.00,0.00,0.00,5.00,0.00,0.00,decesos
2022-05-06,1.70,1.30,2.30,4.80,3.40,2.70,0.60,,8.30,positividad
2022-05-07,1.90,0.40,1.40,,17.50,0.00,,,0.00,positividad
2022-05-08,1.40,0.20,3.00,,0.00,0.00,,0.00,22.20,positividad
2022-05-09,0.50,2.20,1.80,0.00,3.60,,,2.20,0.00,positividad
2022-05-10,,0.40,1.40,0.50,5.40,,,6.50,8.00,positividad
2022-05-11,,1.60,1.90,0.70,2.20,1.30,,2.80,0.00,positividad
2022-05-12,2.00,3.90,1.80,1.40,3.30,1.60,5.50,0.00,18.80,positividad
2022-05-13,0.50,0.80,1.30,0.60,3.20,1.20,3.00,3.60,0.00,positividad
2022-05-14,100.00,,2.10,0.40,0.00,3.60,,0.00,0.00,positividad
2022-05-15,0.00,,1.20,0.00,27.10,0.00,,,33.30,positividad
2022-05-16,0.50,1.60,2.80,0.00,0.00,1.60,,,0.00,positividad
2022-05-17,1.20,1.30,3.50,0.00,0.90,1.50,3.30,5.00,2.20,positividad
2022-05-18,0.60,2.10,1.50,2.00,3.20,2.80,4.50,0.00,3.60,positividad
2022-05-19,0.70,1.50,1.70,0.90,6.20,4.90,5.10,2.30,6.70,positividad
2022-05-20,2.90,1.40,2.30,1.00,5.20,2.30,10.00,0.00,5.90,positividad
2022-05-21,1.30,1.20,1.80,0.00,3.60,4.30,9.70,,0.00,positividad
2022-05-22,100.00,2.40,0.10,0.60,28.60,10.00,,,0.00,positividad
2022-05-23,0.50,0.80,2.20,0.00,6.20,0.60,,,11.10,positividad
2022-05-24,26.80,1.30,3.10,0.40,7.10,3.10,,0.00,,positividad
2022-05-25,9.10,1.40,1.40,0.80,0.00,3.90,,1.80,,positividad
2022-05-26,3.50,2.20,1.00,1.30,2.50,2.20,4.50,0.00,2.90,positividad
2022-05-27,2.40,1.40,3.40,0.30,6.80,1.10,6.90,1.20,0.00,positividad
2022-05-28,4.30,1.60,2.40,0.80,2.80,4.70,25.90,0.00,,positividad
2022-05-29,1.40,6.70,8.30,2.20,0.00,7.10,4.90,0.00,28.60,positividad
2022-05-30,2.00,2.10,1.70,0.00,1.70,11.50,12.90,0.00,0.00,positividad
2022-05-31,1.30,3.40,3.20,0.00,7.70,2.80,4.70,1.80,16.70,positividad
2022-06-01,1.80,2.70,3.90,0.50,5.00,19.00,4.10,0.00,23.10,positividad
2022-06-02,3.90,2.70,2.90,0.40,1.50,4.00,5.60,0.00,0.00,positividad
2022-06-03,3.90,3.10,3.70,0.90,1.70,6.50,5.20,1.60,0.00,positividad
2022-06-04,4.10,5.40,4.30,1.70,2.20,6.50,5.90,1.40,0.00,positividad
2022-06-05,2.00,6.30,,0.80,3.30,3.60,,0.00,0.00,positividad
2022-06-06,4.60,2.90,,1.40,0.00,8.60,,0.50,0.00,positividad
2022-06-07,3.50,3.00,5.00,0.40,2.40,3.00,,,0.00,positividad
2022-06-08,3.80,3.30,3.60,0.30,0.00,16.50,,,3.40,positividad
2022-06-09,3.30,3.80,4.30,0.50,3.40,5.10,8.60,0.00,0.00,positividad
2022-06-10,4.70,4.00,3.10,0.60,0.00,3.90,,,4.00,positividad
2022-06-11,5.00,5.70,4.10,0.30,1.10,1.90,,,28.60,positividad
2022-06-12,4.80,7.90,4.40,0.80,4.50,5.60,,0.00,0.00,positividad
2022-06-13,4.00,6.40,3.30,0.00,0.00,8.70,,0.00,2.90,positividad
2022-06-14,8.80,4.50,3.10,0.50,1.70,2.20,8.80,0.00,16.70,positividad
2022-06-15,8.40,6.60,3.80,1.50,0.60,2.80,8.10,16.70,0.00,positividad
2022-06-16,6.80,7.90,5.20,1.00,5.20,8.30,10.90,5.00,100.00,positividad
2022-06-17,10.10,8.50,5.20,0.00,2.60,1.70,11.20,1.10,4.80,positividad
2022-06-18,5.80,8.80,6.50,0.00,1.90,3.80,11.20,1.20,0.00,positividad
2022-06-19,2.80,9.30,6.10,1.00,,0.00,9.50,11.10,0.00,positividad
2022-06-20,5.70,10.20,8.20,0.00,4.30,3.70,12.80,5.30,0.00,positividad
2022-06-21,10.50,8.00,8.70,1.20,5.60,4.40,13.40,25.00,0.00,positividad
2022-06-22,11.10,7.90,9.40,0.50,1.60,5.10,15.90,3.00,2.70,positividad
2022-06-23,17.50,7.10,8.60,7.90,6.20,5.80,15.80,100.00,1.90,positividad
2022-06-24,10.20,8.60,9.70,1.90,2.40,16.00,19.30,2.00,8.30,positividad
2022-06-25,21.90,10.50,12.50,5.20,8.90,4.50,15.90,7.60,,positividad
2022-06-26,16.80,10.80,7.60,4.00,,6.20,16.50,18.20,,positividad
2022-06-27,14.80,10.60,10.90,0.00,0.00,11.10,18.20,5.30,3.30,positividad
2022-06-28,,15.50,13.10,3.20,7.70,11.60,,25.30,6.60,positividad
2022-06-29,,12.20,14.90,2.50,5.80,6.00,,13.70,19.00,positividad
2022-06-30,19.70,9.60,17.30,4.50,11.50,11.70,18.30,23.80,16.20,positividad
2022-07-01,22.80,12.60,16.30,3.20,13.00,18.50,19.10,26.90,24.30,positividad
2022-07-02,19.40,16.40,20.30,1.20,11.60,20.20,21.80,32.10,30.80,positividad
2022-07-03,20.70,10.00,17.50,6.50,30.00,10.40,17.30,32.40,25.00,positividad
2022-07-04,25.30,16.50,21.80,1.20,15.20,17.20,22.30,36.90,43.10,positividad
2022-07-05,24.60,19.10,22.20,5.10,29.80,20.10,21.20,37.90,29.10,positividad
2022-07-06,31.70,14.50,28.10,12.60,19.20,26.20,23.50,33.10,40.60,positividad
2022-07-07,24.00,17.20,26.90,14.10,30.20,35.30,26.70,31.70,42.20,positividad
2022-07-08,28.90,16.10,26.30,7.50,22.50,37.40,25.90,41.00,50.60,positividad
2022-07-09,37.80,16.60,35.50,14.20,20.90,24.10,29.70,33.20,46.20,positividad
2022-07-10,38.40,19.80,33.70,22.90,15.00,31.20,25.50,23.80,21.40,positividad
2022-07-11,36.40,18.40,32.60,18.60,28.40,31.20,,,55.20,positividad
2022-07-12,36.80,19.10,36.00,18.40,38.90,46.00,,,41.20,positividad
2022-07-13,35.80,23.10,33.90,16.90,27.40,50.20,25.90,35.30,44.20,positividad
2022-07-14,38.30,20.10,34.00,25.50,40.60,47.50,28.30,20.90,43.90,positividad
2022-07-15,44.60,21.20,36.50,21.40,40.50,64.20,27.10,29.40,36.80,positividad
2022-07-16,40.00,21.30,33.60,26.80,39.10,43.70,32.70,28.50,46.90,positividad
2022-07-17,41.80,19.80,35.10,32.20,54.60,48.60,20.50,22.50,35.00,positividad
2022-07-18,38.40,25.10,35.60,25.60,46.50,58.80,29.60,100.00,43.20,positividad
2022-07-19,38.80,23.10,38.00,35.40,52.60,60.90,33.50,11.20,54.90,positividad
2022-07-20,38.40,20.00,36.20,27.70,41.30,63.00,33.10,22.70,65.10,positividad
2022-07-21,39.20,28.10,37.40,29.00,42.20,57.90,36.40,25.90,52.80,positividad
2022-07-22,41.60,27.00,,32.40,46.00,58.30,,,46.70,positividad
2022-07-23,36.00,24.70,,27.10,54.50,47.80,,,45.20,positividad
2022-07-24,36.10,25.00,35.60,38.90,56.50,64.20,29.70,100.00,30.30,positividad
2022-07-25,38.90,26.70,39.60,36.90,44.40,68.90,29.20,19.40,47.50,positividad
2022-07-26,37.80,20.10,39.30,31.10,42.90,64.20,33.90,27.30,46.20,positividad
2022-07-27,43.10,23.30,33.80,32.90,53.00,56.40,29.30,21.30,39.80,positividad
2022-07-28,40.10,19.50,34.10,36.40,50.60,59.50,,,50.00,positividad
2022-07-29,41.00,21.10,32.80,29.30,58.50,50.00,,,40.70,positividad
2022-07-30,42.60,21.60,32.30,30.70,60.10,47.30,22.20,26.50,66.70,positividad
2022-07-31,37.00,19.70,33.00,41.20,61.00,35.50,,,50.00,positividad
2022-08-01,39.20,23.70,34.30,28.70,37.00,45.70,,,49.40,positividad
2022-08-02,36.40,22.70,32.70,33.90,49.70,47.30,,,41.20,positividad
2022-08-03,29.50,19.00,30.90,26.90,52.40,54.30,,,43.20,positividad
2022-05-06,602.00,1269.00,1203.00,227.00,58.00,74.00,1775.00,,24.00,pruebas
2022-05-07,105.00,1131.00,658.00,,97.00,35.00,,,2.00,pruebas
2022-05-08,73.00,593.00,266.00,,7.00,43.00,,15.00,9.00,pruebas
2022-05-09,392.00,318.00,1350.00,82.00,112.00,,,45.00,28.00,pruebas
2022-05-10,,1171.00,1148.00,608.00,147.00,,,62.00,25.00,pruebas
2022-05-11,,976.00,1382.00,306.00,185.00,75.00,,71.00,12.00,pruebas
2022-05-12,601.00,431.00,1597.00,295.00,239.00,64.00,1820.00,56.00,16.00,pruebas
2022-05-13,411.00,914.00,1331.00,177.00,248.00,81.00,1756.00,28.00,34.00,pruebas
2022-05-14,7.00,,1132.00,245.00,216.00,56.00,,13.00,5.00,pruebas
2022-05-15,445.00,,1086.00,82.00,96.00,14.00,,,3.00,pruebas
2022-05-16,1148.00,256.00,1333.00,64.00,12.00,122.00,,,4.00,pruebas
2022-05-17,413.00,839.00,1676.00,297.00,112.00,68.00,1495.00,40.00,45.00,pruebas
2022-05-18,355.00,1029.00,1747.00,256.00,63.00,71.00,1638.00,89.00,28.00,pruebas
2022-05-19,715.00,953.00,1553.00,219.00,128.00,102.00,1645.00,44.00,15.00,pruebas
2022-05-20,382.00,913.00,1855.00,198.00,442.00,87.00,1761.00,31.00,17.00,pruebas
2022-05-21,464.00,857.00,730.00,172.00,84.00,23.00,1838.00,,4.00,pruebas
2022-05-22,5.00,453.00,1419.00,154.00,14.00,10.00,,,11.00,pruebas
2022-05-23,419.00,119.00,1995.00,54.00,96.00,155.00,,,18.00,pruebas
2022-05-24,418.00,1183.00,1696.00,241.00,170.00,131.00,,358.00,,pruebas
2022-05-25,230.00,1139.00,1762.00,251.00,272.00,103.00,,57.00,,pruebas
2022-05-26,371.00,1060.00,2120.00,302.00,79.00,180.00,2472.00,45.00,34.00,pruebas
2022-05-27,370.00,1009.00,1068.00,349.00,59.00,94.00,2611.00,84.00,12.00,pruebas
2022-05-28,256.00,693.00,1106.00,255.00,248.00,43.00,317.00,10.00,0.00,pruebas
2022-05-29,210.00,327.00,529.00,89.00,19.00,14.00,1214.00,15.00,7.00,pruebas
2022-05-30,715.00,188.00,2183.00,80.00,59.00,104.00,1036.00,16.00,14.00,pruebas
2022-05-31,873.00,1312.00,2331.00,172.00,39.00,106.00,2283.00,166.00,6.00,pruebas
2022-06-01,848.00,1282.00,1890.00,220.00,60.00,168.00,2443.00,44.00,13.00,pruebas
2022-06-02,722.00,1208.00,2110.00,260.00,65.00,252.00,2266.00,182.00,11.00,pruebas
2022-06-03,877.00,1247.00,2091.00,214.00,116.00,138.00,2340.00,62.00,3.00,pruebas
2022-06-04,607.00,1013.00,1138.00,356.00,93.00,46.00,1244.00,72.00,3.00,pruebas
2022-06-05,295.00,431.00,,121.00,30.00,28.00,,6.00,2.00,pruebas
2022-06-06,721.00,173.00,,74.00,3.00,187.00,,1056.00,42.00,pruebas
2022-06-07,869.00,1225.00,1772.00,267.00,42.00,200.00,,,30.00,pruebas
2022-06-08,1199.00,1421.00,1809.00,298.00,81.00,115.00,,,29.00,pruebas
2022-06-09,1652.00,1222.00,2049.00,421.00,176.00,253.00,2756.00,134.00,8.00,pruebas
2022-06-10,1159.00,1484.00,2291.00,329.00,93.00,358.00,,,25.00,pruebas
2022-06-11,634.00,915.00,862.00,304.00,91.00,52.00,,,7.00,pruebas
2022-06-12,540.00,697.00,890.00,122.00,22.00,18.00,,243.00,6.00,pruebas
2022-06-13,1534.00,140.00,2497.00,47.00,584.00,161.00,,46.00,35.00,pruebas
2022-06-14,916.00,1181.00,2124.00,211.00,116.00,319.00,3219.00,35.00,6.00,pruebas
2022-06-15,902.00,1280.00,2207.00,198.00,349.00,287.00,2903.00,114.00,17.00,pruebas
2022-06-16,903.00,1481.00,1004.00,196.00,154.00,48.00,1205.00,40.00,1.00,pruebas
2022-06-17,1035.00,694.00,1966.00,138.00,192.00,179.00,2665.00,92.00,21.00,pruebas
2022-06-18,327.00,1256.00,1155.00,276.00,209.00,52.00,1657.00,83.00,4.00,pruebas
2022-06-19,1317.00,700.00,1016.00,201.00,0.00,23.00,1127.00,27.00,11.00,pruebas
2022-06-20,1305.00,342.00,1224.00,89.00,46.00,108.00,2892.00,131.00,20.00,pruebas
2022-06-21,611.00,1194.00,1120.00,652.00,54.00,45.00,1971.00,16.00,13.00,pruebas
2022-06-22,1155.00,873.00,1961.00,426.00,64.00,138.00,3202.00,166.00,37.00,pruebas
2022-06-23,702.00,1465.00,2385.00,355.00,81.00,156.00,3363.00,8.00,54.00,pruebas
2022-06-24,1116.00,1822.00,2348.00,428.00,249.00,125.00,3347.00,203.00,36.00,pruebas
2022-06-25,407.00,1562.00,1717.00,270.00,79.00,67.00,2268.00,79.00,0.00,pruebas
2022-06-26,297.00,957.00,1089.00,124.00,0.00,16.00,1610.00,11.00,0.00,pruebas
2022-06-27,768.00,301.00,1789.00,62.00,16.00,162.00,3587.00,57.00,30.00,pruebas
2022-06-28,,1096.00,2422.00,313.00,222.00,207.00,,158.00,61.00,pruebas
2022-06-29,,2026.00,2602.00,283.00,154.00,333.00,,277.00,42.00,pruebas
2022-06-30,966.00,1981.00,2548.00,308.00,87.00,179.00,3852.00,185.00,37.00,pruebas
2022-07-01,631.00,2023.00,2438.00,436.00,23.00,222.00,4114.00,301.00,37.00,pruebas
2022-07-02,617.00,1274.00,1004.00,562.00,95.00,99.00,2202.00,112.00,26.00,pruebas
2022-07-03,208.00,1010.00,886.00,138.00,10.00,67.00,1651.00,74.00,8.00,pruebas
2022-07-04,789.00,425.00,2380.00,81.00,33.00,204.00,3880.00,168.00,51.00,pruebas
2022-07-05,961.00,1795.00,2500.00,296.00,104.00,279.00,4411.00,248.00,55.00,pruebas
2022-07-06,1018.00,2561.00,2618.00,254.00,99.00,149.00,3582.00,245.00,64.00,pruebas
2022-07-07,1322.00,2460.00,3019.00,198.00,86.00,224.00,4021.00,353.00,90.00,pruebas
2022-07-08,1085.00,2591.00,2846.00,281.00,200.00,235.00,3504.00,273.00,85.00,pruebas
2022-07-09,587.00,2728.00,1483.00,281.00,201.00,195.00,1876.00,235.00,26.00,pruebas
2022-07-10,427.00,1331.00,1176.00,131.00,60.00,64.00,1673.00,84.00,14.00,pruebas
2022-07-11,1016.00,849.00,3207.00,70.00,81.00,554.00,,,96.00,pruebas
2022-07-12,1314.00,2239.00,3477.00,321.00,221.00,491.00,,,136.00,pruebas
2022-07-13,1196.00,3028.00,3895.00,354.00,292.00,663.00,4081.00,346.00,172.00,pruebas
2022-07-14,1231.00,2758.00,3857.00,337.00,249.00,661.00,4090.00,487.00,123.00,pruebas
2022-07-15,1188.00,3082.00,3833.00,360.00,291.00,667.00,4016.00,303.00,258.00,pruebas
2022-07-16,828.00,2846.00,2508.00,395.00,330.00,341.00,1999.00,326.00,96.00,pruebas
2022-07-17,452.00,1368.00,1070.00,171.00,196.00,144.00,1669.00,102.00,20.00,pruebas
2022-07-18,1258.00,1104.00,4656.00,86.00,86.00,794.00,4392.00,54.00,125.00,pruebas
2022-07-19,1316.00,2454.00,5335.00,505.00,424.00,982.00,4403.00,556.00,164.00,pruebas
2022-07-20,1511.00,3322.00,5364.00,573.00,390.00,998.00,4592.00,607.00,149.00,pruebas
2022-07-21,1264.00,3208.00,5161.00,535.00,325.00,989.00,4515.00,544.00,142.00,pruebas
2022-07-22,1005.00,3718.00,,630.00,522.00,930.00,,,165.00,pruebas
2022-07-23,641.00,3597.00,,844.00,332.00,339.00,,,62.00,pruebas
2022-07-24,443.00,1958.00,2000.00,306.00,124.00,282.00,1475.00,7.00,33.00,pruebas
2022-07-25,1251.00,1174.00,4709.00,176.00,162.00,1096.00,2750.00,387.00,181.00,pruebas
2022-07-26,1212.00,4301.00,5551.00,790.00,578.00,936.00,4538.00,381.00,197.00,pruebas
2022-07-27,1116.00,4968.00,5887.00,702.00,532.00,936.00,5442.00,431.00,171.00,pruebas
2022-07-28,1114.00,4518.00,6094.00,761.00,443.00,880.00,,,146.00,pruebas
2022-07-29,939.00,4243.00,5450.00,845.00,479.00,926.00,,,123.00,pruebas
2022-07-30,634.00,4711.00,2817.00,824.00,381.00,368.00,2649.00,471.00,6.00,pruebas
2022-07-31,281.00,2376.00,2018.00,347.00,172.00,93.00,,,6.00,pruebas
2022-08-01,1207.00,2567.00,4143.00,244.00,127.00,748.00,,,164.00,pruebas
2022-08-02,986.00,3760.00,4927.00,861.00,539.00,995.00,,,97.00,pruebas
2022-08-03,1174.00,4483.00,4184.00,958.00,460.00,784.00,,,95.00,pruebas
2022-07-16,38.64,34.38,20.89,3.09,12.43,6.25,9.90,2.59,12.82,internacion
2022-07-17,35.66,37.30,22.70,2.34,13.85,7.50,11.37,1.64,22.22,internacion
2022-07-18,32.56,38.71,30.91,3.09,15.90,10.00,11.08,1.55,27.78,internacion
2022-07-19,31.78,34.33,31.71,3.59,18.46,18.75,16.30,1.55,27.78,internacion
2022-07-20,34.11,38.06,32.93,2.92,21.54,18.75,13.25,1.55,27.78,internacion
2022-07-21,43.51,42.22,32.52,2.34,18.97,21.25,13.65,2.33,15.38,internacion
2022-07-22,50.83,40.97,35.80,4.55,18.97,26.83,12.60,3.10,7.69,internacion
2022-07-23,59.09,43.15,33.74,3.98,19.49,19.51,13.02,3.08,7.69,internacion
2022-07-24,58.72,41.10,34.76,3.98,19.49,18.29,13.81,2.31,12.82,internacion
2022-07-25,47.46,39.46,34.13,3.41,20.51,28.05,13.85,1.55,12.82,internacion
2022-07-26,36.72,34.39,37.13,3.41,20.51,28.05,14.68,0.78,12.82,internacion
2022-07-27,39.84,40.88,41.21,2.27,19.49,29.27,14.29,0.78,12.82,internacion
2022-07-28,46.62,40.99,38.92,2.91,18.97,30.49,17.25,0.78,12.82,internacion
2022-07-29,36.57,43.21,41.42,4.09,20.51,25.61,18.30,0.00,12.82,internacion
2022-07-30,43.85,46.11,34.71,2.92,19.49,23.17,17.35,0.00,12.82,internacion
2022-07-31,41.67,47.09,32.54,4.65,16.41,15.66,16.71,0.00,12.82,internacion
2022-08-01,40.44,46.86,30.77,6.36,14.36,15.48,15.54,0.78,15.38,internacion
2022-08-02,37.40,49.43,38.10,5.81,15.54,11.90,16.26,0.00,15.38,internacion
2022-08-03,40.80,47.43,39.29,6.90,18.13,11.90,18.09,0.00,15.38,internacion
2022-08-04,36.64,47.67,42.51,6.36,19.17,11.90,16.87,0.00,15.38,internacion
2022-08-05,42.75,50.00,39.52,5.20,20.00,14.29,15.16,0.00,15.38,internacion
2022-08-06,42.75,49.40,34.73,4.05,18.13,15.48,15.01,0.00,15.38,internacion
2022-08-07,41.22,47.49,29.94,3.47,17.62,10.71,15.22,0.64,12.82,internacion
2022-08-08,41.73,48.24,27.54,2.89,15.54,8.33,17.15,1.28,12.82,internacion
2022-08-09,40.46,47.93,22.75,5.78,13.99,8.33,15.43,1.28,10.26,internacion
2022-08-10,39.69,45.09,21.77,5.20,11.40,6.10,15.20,0.64,10.26,internacion
2022-08-11,38.93,44.77,21.09,4.68,13.99,11.90,14.17,0.64,10.26,internacion
2022-08-12,35.94,44.51,20.41,6.36,9.84,11.90,12.70,0.00,7.69,internacion
2022-08-13,37.50,44.97,19.05,5.20,10.36,8.33,13.30,0.00,7.69,internacion
2022-08-14,39.06,46.24,19.86,5.20,10.88,8.33,13.64,0.00,5.13,internacion
2022-08-15,38.58,45.34,18.49,5.20,7.77,8.33,11.29,0.00,5.13,internacion
2022-08-16,36.72,43.04,19.18,4.19,6.74,4.76,10.85,0.00,7.69,internacion
2022-08-17,44.09,36.54,17.81,3.59,8.33,4.76,10.82,0.00,10.26,internacion
2022-08-18,41.27,39.74,15.75,2.99,7.29,2.38,10.08,0.00,10.26,internacion
2022-08-19,37.50,42.95,17.81,2.99,6.77,1.19,8.47,0.00,10.26,internacion
2022-08-20,37.24,43.23,15.07,1.20,6.25,1.19,8.71,0.00,10.26,internacion
2022-08-21,39.31,42.86,12.24,1.80,5.73,2.38,8.40,0.00,10.26,internacion
2022-08-22,38.46,39.22,10.88,0.60,4.69,2.41,7.26,0.00,10.26,internacion
2022-08-23,32.87,36.54,8.84,0.58,5.73,3.66,5.62,0.00,10.26,internacion
2022-08-24,36.96,34.62,8.84,1.72,5.18,4.88,5.51,0.00,12.82,internacion
2022-08-25,40.00,34.62,8.84,2.30,5.18,4.94,6.85,0.59,12.82,internacion
2022-08-26,35.29,37.34,8.16,2.31,4.15,7.41,7.06,0.59,12.82,internacion
2022-08-27,30.22,35.85,8.84,3.47,4.66,6.17,7.58,0.59,12.82,internacion
2022-08-28,28.78,33.76,8.84,2.31,3.63,4.94,8.45,1.18,5.13,internacion
2022-08-29,25.71,34.62,10.20,1.73,3.63,4.94,8.29,1.18,10.26,internacion
2022-08-30,25.36,35.71,8.16,1.73,3.63,2.47,8.56,0.59,15.38,internacion
2022-08-31,29.71,32.03,8.16,1.70,3.11,1.23,8.33,1.22,20.51,internacion
2022-09-01,31.16,31.37,8.16,1.70,2.72,1.23,8.42,1.26,20.51,internacion
2022-09-02,32.61,31.58,7.48,1.72,2.86,1.23,8.52,1.76,23.08,internacion
2022-09-03,44.53,30.26,6.80,1.15,2.29,2.53,8.36,1.94,23.08,internacion
2022-09-04,42.02,29.61,5.44,1.15,1.14,1.27,7.78,2.14,23.08,internacion
2022-09-05,45.38,25.66,5.44,0.00,1.14,1.27,6.27,2.14,20.51,internacion
2022-09-06,40.34,28.19,6.80,1.16,1.71,1.27,4.89,1.43,17.95,internacion
2022-09-07,36.13,26.35,6.12,1.15,1.73,1.27,3.77,0.71,17.95,internacion
2022-09-08,41.32,22.97,6.12,1.97,1.76,1.27,4.34,0.71,15.38,internacion
2022-09-09,41.18,21.62,7.09,2.33,2.98,1.27,7.74,1.43,12.82,internacion
2022-09-10,36.13,22.15,7.09,1.55,2.42,0.00,5.97,1.43,12.82,internacion
2022-09-11,31.93,22.82,7.03,1.55,1.23,0.00,6.78,1.43,10.26,internacion
2022-09-12,28.57,22.45,6.25,1.55,3.11,1.22,6.44,0.71,10.26,internacion
2022-09-13,32.77,23.53,5.47,1.55,1.27,1.22,5.65,0.00,10.53,internacion
2022-09-14,35.83,23.13,3.91,1.55,0.64,1.22,5.13,0.00,10.81,internacion
2022-09-15,40.00,21.05,4.65,1.55,1.76,1.22,4.52,0.00,10.26,internacion
2022-09-16,40.34,22.58,4.05,1.56,2.35,1.22,5.03,0.00,10.26,internacion
2022-09-17,42.02,19.35,3.40,2.34,2.35,1.22,5.38,0.00,10.26,internacion
2022-09-18,39.50,16.13,4.14,1.56,1.76,1.22,5.95,0.71,10.26,internacion
2022-09-19,33.61,14.52,4.90,1.56,1.76,1.22,5.10,0.79,10.26,internacion
2022-09-20,36.13,14.68,2.82,1.56,0.59,0.00,6.46,0.88,10.26,internacion
2022-09-21,35.29,11.01,2.84,1.56,0.59,0.00,5.90,0.88,10.26,internacion
2022-09-22,31.93,13.64,1.42,1.56,0.59,0.00,5.73,0.88,7.69,internacion
2022-09-23,31.09,18.18,1.54,1.56,0.66,0.00,4.52,0.88,7.69,internacion
2022-09-24,42.02,16.36,1.42,1.56,1.32,0.00,5.08,0.88,5.13,internacion
2022-09-25,43.70,17.27,1.42,0.78,1.99,1.22,5.52,0.88,5.26,internacion
2022-09-26,43.70,17.27,1.42,1.56,2.65,1.22,5.80,0.88,5.26,internacion
2022-09-27,43.10,17.59,1.42,1.56,2.65,1.22,5.83,0.88,5.26,internacion
2022-09-28,42.24,16.82,0.71,1.56,1.32,1.22,5.54,0.00,5.26,internacion
2022-09-29,42.24,15.89,0.00,0.00,1.32,0.00,4.68,0.00,5.26,internacion
2022-09-30,38.10,14.02,1.42,0.00,0.66,0.00,4.09,0.00,5.41,internacion
2022-10-01,35.48,13.73,1.32,0.00,0.00,0.00,4.08,0.00,2.70,internacion
2022-10-02,32.26,13.00,1.33,0.00,0.00,0.00,4.07,0.00,2.70,internacion
2022-10-03,21.77,11.00,2.21,0.00,0.00,0.00,3.85,0.00,2.70,internacion
2022-10-04,29.03,12.00,3.68,0.00,0.00,0.00,2.96,0.00,0.00,internacion
2022-10-05,30.65,11.00,3.28,0.00,0.00,0.00,2.37,0.00,2.70,internacion
2022-10-06,33.06,11.00,2.86,0.00,0.00,0.00,2.37,0.00,2.70,internacion
2022-10-07,34.68,14.14,2.86,0.00,0.00,0.00,2.08,0.00,2.70,internacion
2022-10-08,33.87,11.00,3.85,0.00,1.36,0.00,2.08,0.00,2.70,internacion
2022-10-09,33.87,11.00,3.70,0.00,2.04,0.00,2.08,0.00,2.70,internacion
2022-10-10,30.65,12.12,3.60,0.00,2.04,0.00,1.78,0.00,2.70,internacion
2022-10-11,26.61,11.11,0.85,0.00,2.76,0.00,0.00,0.00,2.70,internacion
2022-10-12,30.65,11.11,0.83,0.00,2.76,0.00,0.00,0.00,2.70,internacion
2022-10-13,34.68,12.12,1.64,0.00,2.86,0.00,0.31,0.00,5.41,internacion
2022-07-16,66.67,0.00,25.71,14.29,21.43,5.88,35.29,0.00,0.00,uci
2022-07-17,66.67,0.00,25.71,14.29,19.05,5.88,39.22,0.00,0.00,uci
2022-07-18,33.33,0.00,29.41,25.00,19.05,5.88,39.22,0.00,,uci
2022-07-19,33.33,0.00,34.29,28.57,21.43,11.76,39.22,0.00,,uci
2022-07-20,33.33,0.00,28.57,28.57,14.29,0.00,35.29,0.00,,uci
2022-07-21,33.33,0.00,22.86,32.14,7.14,2.94,37.50,0.00,0.00,uci
2022-07-22,0.00,0.00,25.71,25.00,7.14,6.90,43.14,0.00,0.00,uci
2022-07-23,0.00,0.00,17.14,25.00,11.90,10.00,32.65,0.00,0.00,uci
2022-07-24,0.00,0.00,17.14,25.00,14.29,9.68,35.29,0.00,0.00,uci
2022-07-25,0.00,0.00,31.43,25.00,19.05,6.45,33.33,0.00,0.00,uci
2022-07-26,0.00,0.00,38.24,21.43,16.67,5.88,39.22,0.00,0.00,uci
2022-07-27,0.00,0.00,41.18,17.86,19.05,18.92,33.33,0.00,0.00,uci
2022-07-28,33.33,0.00,35.29,21.43,23.81,21.62,35.29,0.00,0.00,uci
2022-07-29,33.33,0.00,17.14,21.43,26.19,21.05,41.18,0.00,0.00,uci
2022-07-30,33.33,0.00,11.43,21.43,16.67,28.57,49.02,0.00,0.00,uci
2022-07-31,66.67,0.00,8.57,21.43,19.05,31.71,42.00,0.00,0.00,uci
2022-08-01,66.67,0.00,2.86,21.43,23.81,31.71,38.00,0.00,0.00,uci
2022-08-02,66.67,0.00,8.82,25.00,23.81,31.71,29.41,0.00,0.00,uci
2022-08-03,66.67,0.00,12.50,28.57,21.43,31.71,35.29,0.00,0.00,uci
2022-08-04,66.67,0.00,9.38,39.29,14.29,31.71,39.22,0.00,0.00,uci
2022-08-05,66.67,0.00,9.38,35.71,19.05,30.00,42.00,0.00,0.00,uci
2022-08-06,66.67,0.00,9.38,35.71,16.67,34.21,32.65,0.00,0.00,uci
2022-08-07,66.67,0.00,12.50,28.57,14.29,27.03,27.45,0.00,0.00,uci
2022-08-08,66.67,0.00,15.62,32.14,14.29,15.79,33.33,0.00,0.00,uci
2022-08-09,33.33,0.00,18.75,32.14,14.29,25.00,35.29,0.00,0.00,uci
2022-08-10,33.33,0.00,15.62,32.14,14.29,20.59,33.33,0.00,0.00,uci
2022-08-11,33.33,0.00,18.75,32.14,14.29,15.15,31.37,0.00,0.00,uci
2022-08-12,33.33,0.00,15.62,34.62,14.29,9.09,31.37,0.00,0.00,uci
2022-08-13,66.67,0.00,12.50,41.67,11.90,6.06,31.37,0.00,0.00,uci
2022-08-14,66.67,0.00,9.38,39.29,11.90,6.25,33.33,0.00,0.00,uci
2022-08-15,66.67,0.00,15.62,35.71,14.29,9.38,27.45,0.00,0.00,uci
2022-08-16,33.33,0.00,21.88,28.57,14.29,9.38,41.18,0.00,0.00,uci
2022-08-17,66.67,0.00,6.25,28.57,16.67,9.38,33.33,0.00,0.00,uci
2022-08-18,66.67,0.00,6.25,28.57,11.90,9.68,31.37,0.00,0.00,uci
2022-08-19,66.67,0.00,9.38,28.57,7.14,6.45,31.37,0.00,0.00,uci
2022-08-20,66.67,0.00,6.25,28.57,4.76,3.23,31.37,0.00,0.00,uci
2022-08-21,66.67,0.00,6.45,25.00,4.76,3.23,33.33,0.00,0.00,uci
2022-08-22,66.67,0.00,9.68,25.00,4.76,3.23,23.53,0.00,0.00,uci
2022-08-23,66.67,0.00,19.35,25.00,4.76,0.00,25.49,0.00,0.00,uci
2022-08-24,66.67,0.00,22.58,24.14,4.76,0.00,23.53,0.00,0.00,uci
2022-08-25,33.33,0.00,12.90,29.03,4.76,0.00,27.45,0.00,0.00,uci
2022-08-26,0.00,0.00,12.90,26.67,4.76,0.00,35.29,0.00,0.00,uci
2022-08-27,33.33,12.50,12.90,23.33,4.76,0.00,41.18,0.00,0.00,uci
2022-08-28,33.33,12.50,12.90,20.00,4.76,0.00,33.33,0.00,0.00,uci
2022-08-29,66.67,12.50,16.13,16.67,2.38,0.00,37.25,0.00,0.00,uci
2022-08-30,66.67,12.50,16.13,10.34,2.38,0.00,35.29,0.00,0.00,uci
2022-08-31,66.67,0.00,12.90,6.90,2.38,0.00,32.69,0.00,0.00,uci
2022-09-01,33.33,0.00,9.68,10.34,2.38,0.00,35.85,0.00,0.00,uci
2022-09-02,0.00,0.00,9.68,10.34,2.38,0.00,41.51,0.00,0.00,uci
2022-09-03,0.00,0.00,9.68,10.34,2.38,0.00,25.93,0.00,0.00,uci
2022-09-04,33.33,0.00,9.68,10.34,2.38,0.00,25.93,0.00,0.00,uci
2022-09-05,33.33,0.00,9.68,6.90,2.38,0.00,28.30,0.00,0.00,uci
2022-09-06,33.33,0.00,9.68,3.45,7.14,0.00,28.85,0.00,0.00,uci
2022-09-07,66.67,0.00,0.00,10.34,9.52,0.00,28.00,0.00,0.00,uci
2022-09-08,66.67,0.00,3.23,18.18,7.14,0.00,26.00,0.00,0.00,uci
2022-09-09,66.67,0.00,3.45,26.67,7.14,0.00,26.00,0.00,0.00,uci
2022-09-10,66.67,0.00,3.45,26.67,7.14,0.00,28.00,0.00,0.00,uci
2022-09-11,66.67,0.00,3.33,26.67,7.14,0.00,34.00,0.00,0.00,uci
2022-09-12,66.67,0.00,3.33,20.00,7.14,0.00,30.00,0.00,0.00,uci
2022-09-13,66.67,0.00,3.57,13.33,7.14,0.00,26.53,0.00,0.00,uci
2022-09-14,66.67,0.00,0.00,13.33,7.14,0.00,25.00,0.00,0.00,uci
2022-09-15,66.67,0.00,0.00,6.67,4.55,0.00,22.64,0.00,0.00,uci
2022-09-16,66.67,0.00,0.00,6.25,2.22,0.00,11.76,0.00,0.00,uci
2022-09-17,66.67,0.00,0.00,12.50,2.22,0.00,27.45,0.00,0.00,uci
2022-09-18,33.33,0.00,0.00,12.50,2.22,0.00,29.41,0.00,0.00,uci
2022-09-19,33.33,0.00,3.45,6.25,0.00,0.00,27.45,0.00,0.00,uci
2022-09-20,33.33,0.00,8.00,12.50,0.00,0.00,25.49,0.00,0.00,uci
2022-09-21,33.33,0.00,8.00,12.50,2.22,0.00,25.49,0.00,0.00,uci
2022-09-22,33.33,0.00,8.00,6.25,2.22,0.00,31.37,0.00,0.00,uci
2022-09-23,33.33,0.00,8.00,6.25,2.27,0.00,33.33,0.00,0.00,uci
2022-09-24,33.33,0.00,8.00,6.25,2.27,0.00,29.41,0.00,0.00,uci
2022-09-25,66.67,0.00,0.00,6.25,2.27,0.00,25.49,0.00,0.00,uci
2022-09-26,66.67,0.00,0.00,18.75,2.27,0.00,27.45,0.00,0.00,uci
2022-09-27,66.67,0.00,0.00,18.75,2.27,0.00,27.45,0.00,0.00,uci
2022-09-28,33.33,0.00,0.00,18.75,2.27,0.00,27.45,0.00,0.00,uci
2022-09-29,33.33,0.00,0.00,18.75,0.00,0.00,27.45,0.00,0.00,uci
2022-09-30,0.00,0.00,0.00,18.75,0.00,0.00,27.45,0.00,0.00,uci
2022-10-01,0.00,0.00,0.00,18.75,2.27,0.00,25.49,0.00,0.00,uci
2022-10-02,33.33,0.00,0.00,18.75,2.27,0.00,25.49,0.00,0.00,uci
2022-10-03,0.00,0.00,0.00,25.00,0.00,0.00,20.00,0.00,0.00,uci
2022-10-04,33.33,0.00,0.00,18.75,0.00,0.00,20.00,0.00,0.00,uci
2022-10-05,33.33,0.00,0.00,18.75,0.00,0.00,22.00,0.00,0.00,uci
2022-10-06,66.67,0.00,0.00,12.50,0.00,0.00,24.00,0.00,0.00,uci
2022-10-07,66.67,0.00,0.00,14.29,0.00,0.00,12.00,0.00,0.00,uci
2022-10-08,66.67,0.00,0.00,14.29,0.00,0.00,24.00,0.00,0.00,uci
2022-10-09,66.67,0.00,0.00,14.29,4.65,0.00,32.00,0.00,0.00,uci
2022-10-10,66.67,0.00,0.00,21.43,4.65,0.00,22.00,0.00,0.00,uci
2022-10-11,66.67,0.00,6.25,21.43,6.98,0.00,12.00,0.00,0.00,uci
2022-10-12,66.67,0.00,0.00,28.57,4.65,0.00,21.57,0.00,0.00,uci
2022-10-13,66.67,0.00,0.00,28.57,6.98,0.00,19.61,0.00,0.00,uci
2022-07-16,24.00,9.59,5.13,26.09,7.89,8.57,25.76,0.00,0.00,uti
2022-07-17,30.00,9.86,7.69,26.09,7.89,8.57,25.37,0.00,0.00,uti
2022-07-18,24.00,10.14,7.69,30.43,2.63,8.57,23.88,9.09,0.00,uti
2022-07-19,20.00,10.29,5.13,30.43,2.63,8.57,23.88,9.09,0.00,uti
2022-07-20,20.00,11.76,5.13,26.09,5.26,14.29,25.00,9.09,0.00,uti
2022-07-21,30.00,13.24,5.56,39.13,5.26,16.67,23.53,9.09,0.00,uti
2022-07-22,20.00,12.86,5.88,34.78,2.63,13.89,25.37,9.09,0.00,uti
2022-07-23,20.83,12.86,5.88,26.09,2.63,13.89,22.39,9.09,0.00,uti
2022-07-24,16.67,12.86,8.82,21.74,2.63,13.89,23.88,9.09,0.00,uti
2022-07-25,9.09,12.86,5.88,8.70,2.63,16.67,23.88,9.09,0.00,uti
2022-07-26,19.05,14.29,9.09,8.70,2.63,19.44,23.88,9.09,0.00,uti
2022-07-27,33.33,12.86,8.82,13.04,2.63,25.00,23.08,9.09,0.00,uti
2022-07-28,50.00,13.43,8.82,21.74,7.89,25.00,24.24,9.09,0.00,uti
2022-07-29,50.00,14.29,8.57,21.74,13.16,16.67,24.24,9.09,0.00,uti
2022-07-30,50.00,14.29,8.82,26.09,13.16,16.67,22.73,18.18,0.00,uti
2022-07-31,31.25,14.29,9.38,13.04,13.16,16.67,24.62,18.18,0.00,uti
2022-08-01,35.71,14.29,9.38,0.00,13.16,16.67,29.23,9.09,0.00,uti
2022-08-02,31.58,17.14,9.09,17.39,15.79,11.11,23.88,9.09,0.00,uti
2022-08-03,25.00,18.31,8.82,30.43,13.16,9.38,22.39,9.09,0.00,uti
2022-08-04,33.33,19.72,8.57,34.78,13.16,8.33,25.00,0.00,0.00,uti
2022-08-05,22.73,12.68,8.57,26.09,13.16,8.33,26.47,0.00,0.00,uti
2022-08-06,22.73,14.08,5.71,26.09,10.53,8.33,24.24,5.88,0.00,uti
2022-08-07,22.73,16.00,5.71,26.09,10.53,16.67,23.08,9.09,0.00,uti
2022-08-08,22.73,14.08,5.71,21.74,10.53,27.78,20.63,7.14,0.00,uti
2022-08-09,22.73,15.49,11.11,26.09,10.53,22.22,22.58,7.14,0.00,uti
2022-08-10,22.73,14.71,13.89,34.78,7.89,19.44,22.58,7.14,0.00,uti
2022-08-11,30.00,15.94,13.89,43.48,7.89,16.67,23.33,7.14,0.00,uti
2022-08-12,25.00,12.86,18.18,34.78,7.89,16.67,25.40,7.14,0.00,uti
2022-08-13,25.00,15.28,14.29,43.48,5.26,19.44,23.81,7.14,0.00,uti
2022-08-14,20.00,17.57,11.11,43.48,5.26,25.00,22.22,8.00,0.00,uti
2022-08-15,15.00,18.57,11.11,34.78,5.26,22.22,21.54,8.00,0.00,uti
2022-08-16,19.05,20.83,16.67,26.09,5.26,16.67,24.62,8.00,0.00,uti
2022-08-17,23.81,18.57,13.89,26.09,2.63,16.67,21.88,8.00,0.00,uti
2022-08-18,23.81,17.14,16.67,34.78,2.63,13.89,22.22,8.00,0.00,uti
2022-08-19,19.05,17.14,16.67,34.78,2.63,8.33,20.63,6.45,0.00,uti
2022-08-20,19.05,16.42,16.67,26.09,2.63,8.33,20.63,6.45,0.00,uti
2022-08-21,20.00,18.75,13.89,21.74,2.63,11.11,20.63,6.45,0.00,uti
2022-08-22,9.52,18.03,13.89,17.39,2.63,8.33,22.22,6.45,0.00,uti
2022-08-23,9.52,16.39,13.89,15.00,2.63,8.33,22.22,6.45,0.00,uti
2022-08-24,14.29,13.11,13.89,12.50,2.63,8.33,22.22,3.23,0.00,uti
2022-08-25,23.81,13.79,13.89,25.00,2.63,13.89,22.22,3.23,0.00,uti
2022-08-26,21.05,16.07,13.89,18.75,0.00,13.89,22.22,3.23,0.00,uti
2022-08-27,23.53,14.75,11.11,18.75,0.00,11.11,22.22,3.23,0.00,uti
2022-08-28,29.41,5.00,8.33,12.50,0.00,11.11,22.22,3.23,0.00,uti
2022-08-29,14.29,13.11,8.33,12.50,0.00,11.11,22.22,0.00,0.00,uti
2022-08-30,9.52,14.75,5.56,6.25,2.63,11.11,22.22,0.00,0.00,uti
2022-08-31,9.52,14.75,5.56,6.25,2.63,11.11,22.22,0.00,0.00,uti
2022-09-01,4.76,14.75,5.56,0.00,2.63,11.11,19.05,0.00,0.00,uti
2022-09-02,0.00,14.75,5.56,0.00,2.63,8.33,19.05,0.00,0.00,uti
2022-09-03,0.00,13.11,5.56,0.00,2.63,2.78,19.05,4.00,0.00,uti
2022-09-04,0.00,13.11,8.33,0.00,2.63,5.56,19.05,4.00,0.00,uti
2022-09-05,0.00,15.00,8.33,6.25,2.63,5.56,19.05,4.00,0.00,uti
2022-09-06,0.00,13.33,5.56,12.50,0.00,5.56,20.63,4.00,0.00,uti
2022-09-07,0.00,13.11,5.56,12.50,0.00,5.56,19.05,4.00,0.00,uti
2022-09-08,14.29,13.33,5.56,16.67,2.78,2.78,20.31,4.00,0.00,uti
2022-09-09,17.65,14.75,3.33,25.00,2.78,2.78,20.31,4.00,0.00,uti
2022-09-10,14.29,14.75,3.33,12.50,2.86,2.78,20.31,4.00,0.00,uti
2022-09-11,14.29,14.75,3.57,12.50,2.94,2.78,20.31,4.00,0.00,uti
2022-09-12,14.29,13.11,3.70,12.50,2.94,2.78,24.59,4.00,0.00,uti
2022-09-13,14.29,12.50,3.70,12.50,3.03,2.78,26.32,4.00,0.00,uti
2022-09-14,14.29,14.29,3.70,12.50,3.12,2.78,27.78,4.00,0.00,uti
2022-09-15,13.04,16.07,3.85,0.00,3.12,2.78,26.79,4.00,0.00,uti
2022-09-16,12.00,16.36,3.23,0.00,3.12,2.78,27.59,4.00,0.00,uti
2022-09-17,14.29,16.36,3.33,0.00,3.12,2.78,13.79,4.00,0.00,uti
2022-09-18,19.05,14.55,0.00,0.00,3.12,0.00,20.00,4.00,0.00,uti
2022-09-19,19.05,14.55,3.12,0.00,3.12,0.00,17.74,0.00,0.00,uti
2022-09-20,14.29,12.73,3.23,0.00,6.25,0.00,17.46,0.00,0.00,uti
2022-09-21,14.29,13.21,3.23,0.00,6.25,0.00,9.52,0.00,0.00,uti
2022-09-22,14.29,12.96,3.23,0.00,6.25,0.00,13.04,0.00,0.00,uti
2022-09-23,19.05,9.43,0.00,0.00,6.25,0.00,14.29,0.00,0.00,uti
2022-09-24,19.05,8.93,0.00,0.00,6.25,0.00,14.29,0.00,0.00,uti
2022-09-25,19.05,9.43,0.00,0.00,6.25,0.00,14.75,0.00,0.00,uti
2022-09-26,19.05,9.43,0.00,0.00,3.12,0.00,13.33,0.00,0.00,uti
2022-09-27,19.05,5.66,0.00,0.00,3.12,0.00,13.33,0.00,0.00,uti
2022-09-28,19.05,3.70,0.00,0.00,3.12,0.00,13.33,0.00,0.00,uti
2022-09-29,19.05,3.70,0.00,0.00,6.25,0.00,13.33,0.00,0.00,uti
2022-09-30,16.00,3.77,0.00,0.00,6.25,0.00,13.33,0.00,0.00,uti
2022-10-01,16.00,4.08,0.00,0.00,3.12,0.00,14.29,0.00,0.00,uti
2022-10-02,16.00,4.08,0.00,0.00,3.12,0.00,11.86,0.00,0.00,uti
2022-10-03,0.00,4.08,0.00,0.00,3.12,0.00,11.86,0.00,0.00,uti
2022-10-04,16.00,4.08,0.00,0.00,6.25,0.00,11.86,0.00,0.00,uti
2022-10-05,0.00,4.08,0.00,0.00,6.25,0.00,11.86,0.00,0.00,uti
2022-10-06,8.00,4.08,4.35,0.00,9.38,0.00,11.86,0.00,0.00,uti
2022-10-07,4.00,4.08,4.35,0.00,12.50,0.00,11.86,0.00,0.00,uti
2022-10-08,8.00,4.00,4.35,0.00,12.50,0.00,11.11,0.00,0.00,uti
2022-10-09,8.00,4.00,4.17,0.00,9.38,0.00,10.34,0.00,0.00,uti
2022-10-10,8.00,11.32,4.00,0.00,9.38,0.00,12.07,0.00,0.00,uti
2022-10-11,12.00,3.77,3.85,0.00,12.50,0.00,12.07,0.00,0.00,uti
2022-10-12,16.00,4.08,0.00,0.00,15.62,0.00,12.07,0.00,0.00,uti
2022-10-13,16.00,4.08,0.00,0.00,12.50,0.00,15.52,0.00,0.00,uti
2022-07-07,65.00,287.00,242.00,74.00,58.00,45.00,367.00,39.00,22.00,primera
2022-07-08,83.00,309.00,285.00,89.00,79.00,42.00,407.00,37.00,14.00,primera
2022-07-09,13.00,157.00,126.00,33.00,22.00,14.00,171.00,5.00,1.00,primera
2022-07-10,2.00,17.00,34.00,7.00,7.00,1.00,84.00,0.00,0.00,primera
2022-07-11,48.00,294.00,276.00,92.00,37.00,66.00,478.00,62.00,41.00,primera
2022-07-12,96.00,329.00,283.00,78.00,66.00,49.00,413.00,49.00,22.00,primera
2022-07-13,68.00,372.00,258.00,74.00,72.00,58.00,531.00,83.00,36.00,primera
2022-07-14,54.00,269.00,208.00,36.00,57.00,50.00,497.00,70.00,28.00,primera
2022-07-15,98.00,359.00,433.00,99.00,119.00,87.00,651.00,98.00,73.00,primera
2022-07-16,24.00,85.00,155.00,24.00,60.00,33.00,168.00,35.00,24.00,primera
2022-07-17,3.00,28.00,33.00,1.00,0.00,1.00,44.00,0.00,0.00,primera
2022-07-18,56.00,210.00,265.00,34.00,51.00,55.00,499.00,46.00,29.00,primera
2022-07-19,79.00,512.00,342.00,122.00,114.00,93.00,900.00,107.00,47.00,primera
2022-07-20,116.00,587.00,363.00,100.00,136.00,109.00,1061.00,101.00,40.00,primera
2022-07-21,191.00,732.00,519.00,119.00,194.00,142.00,1191.00,138.00,55.00,primera
2022-07-22,126.00,640.00,511.00,77.00,184.00,151.00,1067.00,99.00,61.00,primera
2022-07-23,80.00,339.00,163.00,29.00,32.00,58.00,370.00,27.00,11.00,primera
2022-07-24,8.00,36.00,47.00,3.00,6.00,1.00,94.00,0.00,8.00,primera
2022-07-25,95.00,450.00,329.00,68.00,79.00,74.00,264.00,45.00,25.00,primera
2022-07-26,130.00,735.00,457.00,123.00,108.00,154.00,694.00,82.00,52.00,primera
2022-07-27,146.00,816.00,471.00,116.00,126.00,85.00,935.00,84.00,66.00,primera
2022-07-28,124.00,839.00,576.00,180.00,154.00,143.00,1044.00,108.00,49.00,primera
2022-07-29,230.00,1043.00,750.00,218.00,190.00,185.00,1266.00,142.00,68.00,primera
2022-07-30,131.00,632.00,346.00,96.00,96.00,64.00,746.00,26.00,27.00,primera
2022-07-31,7.00,50.00,139.00,4.00,1.00,7.00,290.00,1.00,11.00,primera
2022-08-01,101.00,272.00,472.00,95.00,137.00,92.00,1120.00,61.00,38.00,primera
2022-08-02,102.00,422.00,490.00,137.00,201.00,107.00,1055.00,58.00,41.00,primera
2022-08-03,87.00,278.00,359.00,106.00,157.00,73.00,730.00,55.00,40.00,primera
2022-08-04,133.00,335.00,623.00,159.00,198.00,95.00,862.00,56.00,61.00,primera
2022-08-05,78.00,335.00,748.00,155.00,167.00,60.00,551.00,35.00,28.00,primera
2022-08-06,11.00,133.00,224.00,45.00,38.00,38.00,132.00,6.00,5.00,primera
2022-08-07,1.00,20.00,65.00,5.00,4.00,0.00,62.00,0.00,0.00,primera
2022-08-08,41.00,160.00,320.00,60.00,92.00,19.00,174.00,29.00,14.00,primera
2022-08-09,58.00,340.00,529.00,121.00,209.00,54.00,194.00,36.00,23.00,primera
2022-08-10,149.00,362.00,669.00,182.00,231.00,48.00,461.00,24.00,18.00,primera
2022-08-11,79.00,435.00,645.00,225.00,207.00,43.00,547.00,15.00,32.00,primera
2022-08-12,124.00,581.00,943.00,268.00,377.00,61.00,698.00,98.00,55.00,primera
2022-08-13,27.00,227.00,105.00,53.00,84.00,6.00,110.00,27.00,8.00,primera
2022-08-14,0.00,14.00,52.00,3.00,9.00,1.00,51.00,0.00,0.00,primera
2022-08-15,62.00,194.00,225.00,96.00,141.00,25.00,339.00,28.00,18.00,primera
2022-08-16,153.00,395.00,349.00,170.00,197.00,32.00,337.00,42.00,19.00,primera
2022-08-17,196.00,326.00,385.00,206.00,203.00,66.00,523.00,48.00,14.00,primera
2022-08-18,155.00,312.00,538.00,159.00,242.00,73.00,457.00,19.00,16.00,primera
2022-08-19,135.00,280.00,404.00,184.00,182.00,42.00,427.00,29.00,16.00,primera
2022-08-20,81.00,263.00,178.00,67.00,57.00,45.00,152.00,19.00,1.00,primera
2022-08-21,6.00,13.00,38.00,4.00,6.00,0.00,41.00,0.00,1.00,primera
2022-08-22,64.00,197.00,277.00,54.00,80.00,22.00,262.00,25.00,9.00,primera
2022-08-23,113.00,373.00,352.00,136.00,141.00,77.00,414.00,31.00,27.00,primera
2022-08-24,92.00,333.00,428.00,135.00,113.00,72.00,422.00,30.00,17.00,primera
2022-08-25,178.00,391.00,334.00,108.00,107.00,112.00,327.00,27.00,17.00,primera
2022-08-26,117.00,329.00,493.00,67.00,127.00,56.00,473.00,11.00,36.00,primera
2022-08-28,77.00,281.00,223.00,53.00,58.00,35.00,236.00,12.00,10.00,primera
2022-08-29,104.00,228.00,169.00,62.00,38.00,42.00,217.00,13.00,4.00,primera
2022-08-30,53.00,322.00,245.00,86.00,43.00,30.00,305.00,20.00,6.00,primera
2022-08-31,78.00,337.00,226.00,74.00,51.00,52.00,239.00,12.00,14.00,primera
2022-09-01,148.00,226.00,208.00,54.00,33.00,55.00,255.00,20.00,34.00,primera
2022-09-02,102.00,216.00,315.00,100.00,25.00,29.00,244.00,27.00,20.00,primera
2022-09-03,81.00,173.00,166.00,50.00,18.00,4.00,122.00,6.00,4.00,primera
2022-09-04,6.00,4.00,29.00,4.00,1.00,0.00,21.00,0.00,0.00,primera
2022-09-05,28.00,95.00,128.00,32.00,27.00,26.00,160.00,20.00,5.00,primera
2022-09-06,61.00,221.00,244.00,62.00,71.00,52.00,210.00,17.00,12.00,primera
2022-09-07,105.00,187.00,314.00,55.00,28.00,34.00,204.00,15.00,10.00,primera
2022-09-08,80.00,245.00,301.00,41.00,48.00,55.00,192.00,18.00,11.00,primera
2022-09-09,39.00,216.00,361.00,23.00,55.00,73.00,175.00,18.00,17.00,primera
2022-09-10,13.00,122.00,97.00,27.00,31.00,22.00,115.00,21.00,27.00,primera
2022-09-11,3.00,21.00,26.00,4.00,9.00,0.00,24.00,2.00,0.00,primera
2022-09-12,32.00,99.00,134.00,28.00,40.00,27.00,146.00,8.00,4.00,primera
2022-09-13,84.00,256.00,217.00,60.00,38.00,35.00,147.00,30.00,19.00,primera
2022-09-14,29.00,194.00,62.00,35.00,58.00,50.00,155.00,29.00,15.00,primera
2022-09-15,41.00,229.00,156.00,29.00,54.00,46.00,142.00,12.00,11.00,primera
2022-09-16,40.00,254.00,226.00,39.00,47.00,36.00,156.00,18.00,7.00,primera
2022-09-18,45.00,131.00,161.00,25.00,21.00,14.00,64.00,12.00,1.00,primera
2022-09-19,28.00,89.00,185.00,21.00,16.00,20.00,147.00,28.00,7.00,primera
2022-09-20,62.00,140.00,199.00,34.00,52.00,24.00,206.00,17.00,18.00,primera
2022-09-21,59.00,173.00,239.00,37.00,30.00,21.00,169.00,23.00,14.00,primera
2022-09-22,42.00,144.00,180.00,35.00,51.00,24.00,142.00,5.00,12.00,primera
2022-09-23,63.00,253.00,297.00,58.00,70.00,35.00,182.00,14.00,25.00,primera
2022-09-24,45.00,154.00,196.00,37.00,58.00,4.00,57.00,2.00,20.00,primera
2022-09-25,10.00,12.00,40.00,7.00,2.00,2.00,15.00,0.00,0.00,primera
2022-09-26,36.00,90.00,158.00,44.00,27.00,29.00,125.00,9.00,3.00,primera
2022-09-27,22.00,192.00,282.00,73.00,29.00,21.00,209.00,9.00,4.00,primera
2022-09-28,93.00,227.00,353.00,54.00,27.00,44.00,173.00,19.00,9.00,primera
2022-09-29,106.00,331.00,329.00,29.00,68.00,19.00,264.00,8.00,11.00,primera
2022-09-30,67.00,353.00,433.00,54.00,50.00,22.00,246.00,42.00,7.00,primera
2022-10-01,44.00,195.00,235.00,39.00,72.00,8.00,131.00,26.00,10.00,primera
2022-10-02,8.00,3.00,12.00,1.00,1.00,0.00,12.00,9.00,0.00,primera
2022-10-03,19.00,70.00,49.00,12.00,5.00,23.00,102.00,5.00,0.00,primera
2022-10-04,104.00,144.00,108.00,62.00,21.00,13.00,158.00,51.00,3.00,primera
2022-10-06,90.00,319.00,172.00,85.00,55.00,63.00,267.00,14.00,15.00,primera
2022-10-07,34.00,215.00,133.00,66.00,39.00,34.00,186.00,1.00,12.00,primera
2022-07-07,80.00,345.00,280.00,53.00,60.00,70.00,442.00,50.00,13.00,segunda
2022-07-08,78.00,351.00,315.00,81.00,73.00,45.00,519.00,40.00,11.00,segunda
2022-07-09,29.00,197.00,118.00,38.00,38.00,13.00,245.00,1.00,10.00,segunda
2022-07-10,4.00,12.00,51.00,2.00,5.00,4.00,109.00,0.00,0.00,segunda
2022-07-11,77.00,293.00,259.00,120.00,60.00,46.00,559.00,35.00,22.00,segunda
2022-07-12,74.00,340.00,304.00,78.00,69.00,71.00,530.00,48.00,16.00,segunda
2022-07-13,71.00,302.00,320.00,84.00,22.00,62.00,641.00,74.00,14.00,segunda
2022-07-14,74.00,274.00,260.00,36.00,147.00,71.00,584.00,45.00,29.00,segunda
2022-07-15,106.00,365.00,508.00,109.00,126.00,97.00,734.00,67.00,77.00,segunda
2022-07-16,34.00,98.00,126.00,32.00,68.00,21.00,190.00,34.00,22.00,segunda
2022-07-17,4.00,17.00,36.00,2.00,1.00,2.00,69.00,0.00,0.00,segunda
2022-07-18,71.00,193.00,210.00,48.00,48.00,55.00,541.00,28.00,18.00,segunda
2022-07-19,138.00,440.00,383.00,77.00,96.00,82.00,1007.00,63.00,45.00,segunda
2022-07-20,126.00,588.00,467.00,101.00,116.00,114.00,1087.00,108.00,44.00,segunda
2022-07-21,152.00,677.00,549.00,120.00,160.00,130.00,1226.00,100.00,57.00,segunda
2022-07-22,156.00,647.00,463.00,136.00,146.00,160.00,1320.00,63.00,52.00,segunda
2022-07-23,43.00,287.00,228.00,64.00,45.00,62.00,383.00,31.00,9.00,segunda
2022-07-24,18.00,45.00,43.00,7.00,3.00,0.00,138.00,0.00,4.00,segunda
2022-07-25,99.00,340.00,365.00,65.00,66.00,59.00,283.00,53.00,11.00,segunda
2022-07-26,120.00,699.00,445.00,109.00,122.00,99.00,743.00,51.00,41.00,segunda
2022-07-27,132.00,680.00,479.00,138.00,146.00,131.00,945.00,56.00,54.00,segunda
2022-07-28,153.00,753.00,659.00,198.00,178.00,132.00,1154.00,92.00,58.00,segunda
2022-07-29,159.00,978.00,865.00,291.00,243.00,154.00,1427.00,109.00,49.00,segunda
2022-07-30,114.00,646.00,378.00,133.00,100.00,65.00,778.00,24.00,29.00,segunda
2022-07-31,16.00,48.00,110.00,8.00,5.00,7.00,299.00,0.00,0.00,segunda
2022-08-01,101.00,268.00,408.00,113.00,136.00,57.00,984.00,23.00,34.00,segunda
2022-08-02,66.00,375.00,524.00,141.00,154.00,88.00,980.00,43.00,31.00,segunda
2022-08-03,99.00,228.00,386.00,116.00,166.00,58.00,689.00,40.00,29.00,segunda
2022-08-04,157.00,326.00,533.00,214.00,202.00,81.00,855.00,43.00,46.00,segunda
2022-08-05,126.00,339.00,683.00,172.00,234.00,82.00,649.00,37.00,35.00,segunda
2022-08-06,22.00,143.00,153.00,22.00,58.00,37.00,131.00,3.00,4.00,segunda
2022-08-07,3.00,27.00,78.00,2.00,4.00,0.00,124.00,0.00,0.00,segunda
2022-08-08,49.00,180.00,283.00,74.00,129.00,29.00,160.00,39.00,13.00,segunda
2022-08-09,105.00,366.00,522.00,152.00,207.00,81.00,229.00,58.00,19.00,segunda
2022-08-10,233.00,421.00,589.00,168.00,399.00,66.00,659.00,29.00,16.00,segunda
2022-08-11,154.00,451.00,554.00,262.00,340.00,64.00,671.00,30.00,31.00,segunda
2022-08-12,200.00,704.00,931.00,358.00,567.00,107.00,1056.00,127.00,60.00,segunda
2022-08-13,54.00,242.00,124.00,42.00,107.00,14.00,174.00,35.00,4.00,segunda
2022-08-14,5.00,14.00,61.00,4.00,24.00,3.00,70.00,1.00,0.00,segunda
2022-08-15,46.00,243.00,266.00,85.00,146.00,45.00,507.00,21.00,34.00,segunda
2022-08-16,162.00,420.00,277.00,142.00,210.00,74.00,531.00,54.00,45.00,segunda
2022-08-17,168.00,432.00,420.00,256.00,221.00,97.00,626.00,40.00,24.00,segunda
2022-08-18,145.00,462.00,511.00,236.00,200.00,82.00,614.00,27.00,21.00,segunda
2022-08-19,130.00,418.00,520.00,281.00,156.00,82.00,648.00,64.00,25.00,segunda
2022-08-20,98.00,311.00,196.00,151.00,83.00,48.00,275.00,112.00,3.00,segunda
2022-08-21,7.00,8.00,59.00,5.00,8.00,0.00,81.00,0.00,0.00,segunda
2022-08-22,102.00,219.00,277.00,58.00,110.00,50.00,463.00,25.00,10.00,segunda
2022-08-23,171.00,521.00,404.00,125.00,134.00,115.00,636.00,41.00,24.00,segunda
2022-08-24,117.00,371.00,521.00,202.00,154.00,92.00,667.00,53.00,53.00,segunda
2022-08-25,183.00,368.00,483.00,162.00,156.00,121.00,590.00,31.00,41.00,segunda
2022-08-26,194.00,410.00,634.00,123.00,180.00,82.00,543.00,30.00,69.00,segunda
2022-08-28,94.00,316.00,327.00,83.00,73.00,33.00,341.00,7.00,12.00,segunda
2022-08-29,82.00,225.00,261.00,76.00,51.00,41.00,397.00,18.00,12.00,segunda
2022-08-30,113.00,354.00,404.00,126.00,105.00,50.00,469.00,16.00,8.00,segunda
2022-08-31,178.00,459.00,321.00,96.00,83.00,72.00,416.00,19.00,17.00,segunda
2022-09-01,185.00,375.00,270.00,77.00,64.00,89.00,412.00,25.00,53.00,segunda
2022-09-02,108.00,320.00,312.00,94.00,43.00,47.00,400.00,15.00,32.00,segunda
2022-09-03,42.00,214.00,171.00,62.00,28.00,10.00,235.00,18.00,6.00,segunda
2022-09-04,2.00,4.00,30.00,2.00,5.00,0.00,54.00,0.00,0.00,segunda
2022-09-05,32.00,155.00,172.00,32.00,45.00,33.00,284.00,14.00,10.00,segunda
2022-09-06,84.00,227.00,291.00,70.00,94.00,63.00,350.00,17.00,21.00,segunda
2022-09-07,92.00,296.00,304.00,100.00,59.00,56.00,356.00,19.00,33.00,segunda
2022-09-08,74.00,287.00,375.00,76.00,72.00,72.00,345.00,30.00,14.00,segunda
2022-09-09,55.00,305.00,426.00,82.00,65.00,63.00,308.00,32.00,19.00,segunda
2022-09-10,17.00,156.00,173.00,41.00,47.00,24.00,164.00,5.00,26.00,segunda
2022-09-11,7.00,18.00,43.00,2.00,2.00,1.00,53.00,2.00,0.00,segunda
2022-09-12,41.00,117.00,166.00,35.00,53.00,45.00,230.00,28.00,10.00,segunda
2022-09-13,117.00,282.00,252.00,62.00,81.00,64.00,221.00,30.00,7.00,segunda
2022-09-14,73.00,239.00,95.00,59.00,74.00,62.00,266.00,30.00,28.00,segunda
2022-09-15,104.00,214.00,300.00,47.00,79.00,56.00,201.00,28.00,29.00,segunda
2022-09-16,121.00,311.00,333.00,106.00,81.00,56.00,305.00,12.00,13.00,segunda
2022-09-18,74.00,147.00,219.00,57.00,33.00,27.00,146.00,10.00,2.00,segunda
2022-09-19,64.00,130.00,178.00,28.00,49.00,44.00,238.00,21.00,3.00,segunda
2022-09-20,98.00,255.00,240.00,67.00,44.00,48.00,293.00,26.00,25.00,segunda
2022-09-21,68.00,155.00,336.00,60.00,39.00,27.00,237.00,26.00,26.00,segunda
2022-09-22,112.00,181.00,269.00,66.00,38.00,40.00,176.00,10.00,32.00,segunda
2022-09-23,113.00,307.00,442.00,83.00,101.00,51.00,265.00,12.00,17.00,segunda
2022-09-24,71.00,212.00,212.00,41.00,25.00,9.00,82.00,9.00,22.00,segunda
2022-09-25,13.00,36.00,47.00,13.00,14.00,4.00,27.00,1.00,0.00,segunda
2022-09-26,75.00,163.00,253.00,33.00,15.00,43.00,187.00,15.00,12.00,segunda
2022-09-27,102.00,264.00,406.00,93.00,52.00,48.00,369.00,31.00,9.00,segunda
2022-09-28,149.00,341.00,514.00,104.00,69.00,65.00,272.00,12.00,21.00,segunda
2022-09-29,216.00,443.00,493.00,54.00,122.00,31.00,368.00,13.00,9.00,segunda
2022-09-30,114.00,432.00,571.00,92.00,103.00,42.00,460.00,30.00,11.00,segunda
2022-10-01,56.00,213.00,372.00,79.00,75.00,16.00,195.00,11.00,8.00,segunda
2022-10-02,0.00,9.00,6.00,1.00,3.00,0.00,21.00,4.00,1.00,segunda
2022-10-03,32.00,68.00,41.00,19.00,14.00,29.00,114.00,5.00,3.00,segunda
2022-10-04,69.00,197.00,87.00,62.00,15.00,24.00,177.00,21.00,7.00,segunda
2022-10-06,62.00,416.00,196.00,98.00,54.00,76.00,422.00,16.00,22.00,segunda
2022-10-07,97.00,214.00,132.00,96.00,32.00,47.00,126.00,2.00,14.00,segunda
2022-07-07,399.00,988.00,1378.00,203.00,257.00,192.00,2003.00,127.00,35.00,tercera
2022-07-08,408.00,1244.00,1570.00,267.00,403.00,195.00,2079.00,114.00,28.00,tercera
2022-07-09,147.00,868.00,639.00,117.00,149.00,79.00,1171.00,5.00,3.00,tercera
2022-07-10,18.00,29.00,202.00,6.00,13.00,3.00,675.00,0.00,0.00,tercera
2022-07-11,412.00,946.00,1218.00,304.00,191.00,236.00,2166.00,107.00,51.00,tercera
2022-07-12,531.00,1336.00,1665.00,260.00,338.00,490.00,2365.00,124.00,49.00,tercera
2022-07-13,527.00,1378.00,1782.00,377.00,433.00,504.00,2479.00,142.00,58.00,tercera
2022-07-14,354.00,1152.00,1524.00,159.00,276.00,392.00,2493.00,222.00,76.00,tercera
2022-07-15,646.00,1425.00,2427.00,352.00,552.00,539.00,3011.00,234.00,182.00,tercera
2022-07-16,171.00,392.00,1037.00,146.00,227.00,185.00,1105.00,69.00,85.00,tercera
2022-07-17,36.00,60.00,300.00,3.00,2.00,12.00,479.00,0.00,0.00,tercera
2022-07-18,362.00,892.00,1535.00,158.00,332.00,323.00,2337.00,86.00,57.00,tercera
2022-07-19,711.00,1962.00,2330.00,431.00,621.00,523.00,4623.00,217.00,106.00,tercera
2022-07-20,685.00,2464.00,2266.00,458.00,581.00,679.00,4825.00,264.00,91.00,tercera
2022-07-21,781.00,2706.00,2902.00,685.00,885.00,678.00,5415.00,234.00,97.00,tercera
2022-07-22,744.00,2711.00,2630.00,600.00,759.00,662.00,5297.00,155.00,136.00,tercera
2022-07-23,325.00,1028.00,1025.00,302.00,183.00,279.00,1698.00,35.00,27.00,tercera
2022-07-24,103.00,108.00,294.00,53.00,5.00,2.00,775.00,0.00,7.00,tercera
2022-07-25,564.00,1408.00,1996.00,440.00,305.00,333.00,1373.00,74.00,52.00,tercera
2022-07-26,589.00,2724.00,2327.00,549.00,408.00,650.00,3107.00,132.00,103.00,tercera
2022-07-27,680.00,2688.00,2650.00,649.00,749.00,471.00,3778.00,125.00,133.00,tercera
2022-07-28,600.00,2572.00,2972.00,772.00,871.00,543.00,4458.00,268.00,136.00,tercera
2022-07-29,790.00,3227.00,3358.00,753.00,1100.00,652.00,4780.00,246.00,122.00,tercera
2022-07-30,553.00,1811.00,1543.00,469.00,423.00,259.00,2653.00,40.00,61.00,tercera
2022-07-31,65.00,93.00,470.00,52.00,13.00,0.00,986.00,1.00,3.00,tercera
2022-08-01,347.00,911.00,1782.00,346.00,410.00,295.00,2637.00,60.00,38.00,tercera
2022-08-02,315.00,1247.00,1784.00,482.00,461.00,365.00,2867.00,123.00,54.00,tercera
2022-08-03,370.00,894.00,1416.00,300.00,514.00,292.00,2215.00,96.00,66.00,tercera
2022-08-04,651.00,1034.00,2032.00,640.00,614.00,302.00,2525.00,162.00,80.00,tercera
2022-08-05,364.00,986.00,2367.00,455.00,867.00,317.00,2167.00,109.00,57.00,tercera
2022-08-06,130.00,416.00,459.00,137.00,67.00,114.00,599.00,16.00,4.00,tercera
2022-08-07,32.00,75.00,296.00,40.00,2.00,0.00,418.00,0.00,0.00,tercera
2022-08-08,167.00,487.00,1013.00,209.00,378.00,127.00,594.00,66.00,30.00,tercera
2022-08-09,322.00,842.00,1707.00,368.00,629.00,238.00,787.00,100.00,49.00,tercera
2022-08-10,746.00,1285.00,1858.00,437.00,1310.00,250.00,1830.00,84.00,50.00,tercera
2022-08-11,569.00,1175.00,1572.00,727.00,1237.00,177.00,1987.00,69.00,104.00,tercera
2022-08-12,727.00,1623.00,2438.00,764.00,1769.00,266.00,2370.00,219.00,65.00,tercera
2022-08-13,161.00,525.00,531.00,104.00,297.00,49.00,545.00,89.00,9.00,tercera
2022-08-14,15.00,38.00,234.00,13.00,168.00,7.00,255.00,0.00,0.00,tercera
2022-08-15,215.00,637.00,763.00,275.00,491.00,120.00,1380.00,55.00,73.00,tercera
2022-08-16,504.00,1109.00,1018.00,346.00,769.00,150.00,1428.00,124.00,80.00,tercera
2022-08-17,620.00,1087.00,1209.00,529.00,794.00,267.00,1674.00,145.00,55.00,tercera
2022-08-18,591.00,949.00,1488.00,537.00,764.00,247.00,1597.00,71.00,32.00,tercera
2022-08-19,374.00,879.00,1306.00,470.00,557.00,177.00,1476.00,116.00,26.00,tercera
2022-08-20,376.00,632.00,571.00,214.00,294.00,141.00,656.00,160.00,3.00,tercera
2022-08-21,36.00,23.00,152.00,12.00,39.00,0.00,280.00,0.00,0.00,tercera
2022-08-22,300.00,437.00,683.00,139.00,331.00,112.00,904.00,46.00,26.00,tercera
2022-08-23,729.00,1127.00,1411.00,393.00,422.00,184.00,1337.00,110.00,85.00,tercera
2022-08-24,582.00,880.00,1247.00,452.00,732.00,274.00,1482.00,105.00,62.00,tercera
2022-08-25,752.00,961.00,1197.00,321.00,716.00,267.00,1407.00,70.00,90.00,tercera
2022-08-26,778.00,977.00,1600.00,258.00,424.00,270.00,1420.00,40.00,81.00,tercera
2022-08-28,407.00,605.00,859.00,160.00,186.00,129.00,867.00,21.00,11.00,tercera
2022-08-29,303.00,574.00,736.00,187.00,101.00,115.00,961.00,36.00,17.00,tercera
2022-08-30,457.00,764.00,966.00,186.00,171.00,181.00,1142.00,37.00,35.00,tercera
2022-08-31,524.00,834.00,788.00,165.00,277.00,246.00,1257.00,20.00,40.00,tercera
2022-09-01,541.00,737.00,795.00,184.00,132.00,340.00,1179.00,25.00,58.00,tercera
2022-09-02,363.00,868.00,815.00,165.00,81.00,229.00,1100.00,34.00,55.00,tercera
2022-09-03,95.00,530.00,422.00,169.00,40.00,47.00,651.00,50.00,8.00,tercera
2022-09-04,27.00,9.00,150.00,2.00,3.00,0.00,107.00,0.00,1.00,tercera
2022-09-05,147.00,394.00,605.00,39.00,55.00,114.00,689.00,31.00,14.00,tercera
2022-09-06,230.00,609.00,903.00,122.00,116.00,261.00,891.00,23.00,43.00,tercera
2022-09-07,369.00,676.00,1009.00,151.00,110.00,151.00,879.00,43.00,41.00,tercera
2022-09-08,322.00,650.00,1208.00,138.00,258.00,182.00,931.00,56.00,20.00,tercera
2022-09-09,159.00,789.00,1073.00,120.00,207.00,224.00,855.00,45.00,23.00,tercera
2022-09-10,61.00,343.00,398.00,51.00,217.00,48.00,541.00,13.00,36.00,tercera
2022-09-11,19.00,48.00,110.00,1.00,1.00,0.00,162.00,10.00,1.00,tercera
2022-09-12,148.00,305.00,438.00,62.00,105.00,148.00,605.00,47.00,9.00,tercera
2022-09-13,256.00,636.00,682.00,153.00,267.00,176.00,609.00,66.00,47.00,tercera
2022-09-14,181.00,667.00,217.00,131.00,186.00,192.00,835.00,40.00,22.00,tercera
2022-09-15,256.00,593.00,691.00,108.00,155.00,155.00,525.00,49.00,61.00,tercera
2022-09-16,275.00,721.00,972.00,166.00,204.00,206.00,807.00,41.00,19.00,tercera
2022-09-18,197.00,387.00,442.00,122.00,118.00,77.00,379.00,15.00,5.00,tercera
2022-09-19,196.00,257.00,489.00,128.00,102.00,129.00,720.00,37.00,14.00,tercera
2022-09-20,266.00,513.00,727.00,104.00,163.00,116.00,771.00,53.00,40.00,tercera
2022-09-21,232.00,532.00,891.00,134.00,83.00,108.00,737.00,45.00,34.00,tercera
2022-09-22,216.00,455.00,784.00,241.00,119.00,134.00,615.00,14.00,42.00,tercera
2022-09-23,198.00,709.00,1392.00,190.00,139.00,160.00,750.00,29.00,22.00,tercera
2022-09-24,121.00,409.00,454.00,58.00,87.00,30.00,260.00,6.00,50.00,tercera
2022-09-25,32.00,118.00,135.00,13.00,9.00,4.00,88.00,2.00,0.00,tercera
2022-09-26,275.00,365.00,634.00,89.00,53.00,135.00,557.00,16.00,17.00,tercera
2022-09-27,158.00,670.00,1095.00,274.00,99.00,216.00,907.00,95.00,10.00,tercera
2022-09-28,333.00,724.00,1473.00,293.00,134.00,169.00,786.00,47.00,21.00,tercera
2022-09-29,344.00,819.00,1427.00,115.00,224.00,161.00,1022.00,59.00,18.00,tercera
2022-09-30,466.00,839.00,1460.00,209.00,233.00,187.00,1057.00,94.00,12.00,tercera
2022-10-01,355.00,387.00,741.00,186.00,174.00,55.00,491.00,57.00,7.00,tercera
2022-10-02,7.00,23.00,21.00,4.00,0.00,0.00,71.00,7.00,0.00,tercera
2022-10-03,89.00,219.00,185.00,59.00,23.00,123.00,344.00,14.00,4.00,tercera
2022-10-04,121.00,427.00,336.00,137.00,34.00,123.00,548.00,24.00,8.00,tercera
2022-10-06,231.00,1007.00,616.00,276.00,98.00,257.00,982.00,41.00,70.00,tercera
2022-10-07,281.00,594.00,385.00,253.00,91.00,169.00,670.00,2.00,28.00,tercera
2022-07-07,0.00,0.00,0.00,0.00,0.00,0.00,0.00,0.00,0.00,unica
2022-07-08,0.00,0.00,0.00,0.00,0.00,0.00,0.00,0.00,0.00,unica
2022-07-09,0.00,0.00,0.00,0.00,0.00,0.00,0.00,0.00,0.00,unica
2022-07-10,0.00,0.00,0.00,0.00,0.00,0.00,0.00,0.00,0.00,unica
2022-07-11,0.00,0.00,0.00,0.00,0.00,0.00,0.00,0.00,0.00,unica
2022-07-12,0.00,0.00,0.00,0.00,0.00,0.00,0.00,0.00,0.00,unica
2022-07-13,0.00,0.00,0.00,0.00,0.00,0.00,0.00,0.00,0.00,unica
2022-07-14,0.00,0.00,0.00,0.00,0.00,0.00,0.00,0.00,0.00,unica
2022-07-15,0.00,0.00,0.00,0.00,0.00,0.00,0.00,0.00,0.00,unica
2022-07-16,0.00,0.00,0.00,0.00,0.00,0.00,0.00,0.00,0.00,unica
2022-07-17,0.00,0.00,0.00,0.00,0.00,0.00,0.00,0.00,0.00,unica
2022-07-18,0.00,0.00,0.00,0.00,0.00,0.00,0.00,0.00,0.00,unica
2022-07-19,0.00,0.00,0.00,0.00,0.00,0.00,0.00,0.00,0.00,unica
2022-07-20,0.00,0.00,0.00,0.00,0.00,0.00,0.00,0.00,0.00,unica
2022-07-21,0.00,0.00,0.00,0.00,0.00,0.00,0.00,0.00,0.00,unica
2022-07-22,0.00,0.00,0.00,0.00,0.00,0.00,0.00,0.00,0.00,unica
2022-07-23,0.00,0.00,0.00,0.00,0.00,0.00,0.00,0.00,0.00,unica
2022-07-24,0.00,0.00,0.00,0.00,0.00,0.00,0.00,0.00,0.00,unica
2022-07-25,0.00,0.00,0.00,0.00,0.00,0.00,0.00,0.00,0.00,unica
2022-07-26,0.00,0.00,0.00,0.00,0.00,0.00,0.00,0.00,0.00,unica
2022-07-27,0.00,0.00,0.00,0.00,0.00,0.00,0.00,0.00,0.00,unica
2022-07-28,0.00,0.00,0.00,0.00,0.00,0.00,0.00,0.00,0.00,unica
2022-07-29,0.00,0.00,0.00,0.00,0.00,0.00,0.00,0.00,0.00,unica
2022-07-30,0.00,0.00,0.00,0.00,0.00,0.00,0.00,0.00,0.00,unica
2022-07-31,0.00,0.00,0.00,0.00,0.00,0.00,0.00,0.00,0.00,unica
2022-08-01,0.00,0.00,0.00,0.00,0.00,0.00,0.00,0.00,0.00,unica
2022-08-02,0.00,0.00,0.00,0.00,0.00,0.00,0.00,0.00,0.00,unica
2022-08-03,0.00,0.00,0.00,0.00,0.00,0.00,0.00,0.00,0.00,unica
2022-08-04,0.00,0.00,0.00,0.00,0.00,0.00,0.00,0.00,0.00,unica
2022-08-05,0.00,0.00,0.00,0.00,0.00,0.00,0.00,0.00,0.00,unica
2022-08-06,0.00,0.00,0.00,0.00,0.00,0.00,0.00,0.00,0.00,unica
2022-08-07,0.00,0.00,0.00,0.00,0.00,0.00,0.00,0.00,0.00,unica
2022-08-08,0.00,0.00,0.00,0.00,0.00,0.00,0.00,0.00,0.00,unica
2022-08-09,0.00,0.00,0.00,0.00,0.00,0.00,0.00,0.00,0.00,unica
2022-08-10,0.00,0.00,0.00,0.00,0.00,0.00,0.00,0.00,0.00,unica
2022-08-11,0.00,0.00,0.00,0.00,0.00,0.00,0.00,0.00,0.00,unica
2022-08-12,0.00,0.00,0.00,0.00,0.00,0.00,0.00,0.00,0.00,unica
2022-08-13,0.00,0.00,0.00,0.00,0.00,0.00,0.00,0.00,0.00,unica
2022-08-14,0.00,0.00,0.00,0.00,0.00,0.00,0.00,0.00,0.00,unica
2022-08-15,0.00,0.00,0.00,0.00,0.00,0.00,0.00,0.00,0.00,unica
2022-08-16,0.00,0.00,0.00,0.00,0.00,0.00,0.00,0.00,0.00,unica
2022-08-17,0.00,0.00,0.00,0.00,0.00,0.00,0.00,0.00,0.00,unica
2022-08-18,0.00,0.00,0.00,0.00,0.00,0.00,0.00,0.00,0.00,unica
2022-08-19,0.00,0.00,0.00,0.00,0.00,0.00,0.00,0.00,0.00,unica
2022-08-20,0.00,0.00,0.00,0.00,0.00,0.00,0.00,0.00,0.00,unica
2022-08-21,0.00,0.00,0.00,0.00,0.00,0.00,0.00,0.00,0.00,unica
2022-08-22,0.00,0.00,0.00,0.00,0.00,0.00,0.00,0.00,0.00,unica
2022-08-23,0.00,0.00,0.00,0.00,0.00,0.00,0.00,0.00,0.00,unica
2022-08-24,0.00,0.00,0.00,0.00,0.00,0.00,0.00,0.00,0.00,unica
2022-08-25,0.00,0.00,0.00,0.00,0.00,0.00,0.00,0.00,0.00,unica
2022-08-26,0.00,0.00,0.00,0.00,0.00,0.00,0.00,0.00,0.00,unica
2022-08-28,0.00,0.00,0.00,0.00,0.00,0.00,0.00,0.00,0.00,unica
2022-08-29,0.00,0.00,0.00,0.00,0.00,0.00,0.00,0.00,0.00,unica
2022-08-30,0.00,0.00,0.00,0.00,0.00,0.00,0.00,0.00,0.00,unica
2022-08-31,0.00,0.00,0.00,0.00,0.00,0.00,0.00,0.00,0.00,unica
2022-09-01,0.00,0.00,0.00,0.00,0.00,0.00,0.00,0.00,0.00,unica
2022-09-02,0.00,0.00,0.00,0.00,0.00,0.00,0.00,0.00,0.00,unica
2022-09-03,0.00,0.00,0.00,0.00,0.00,0.00,0.00,0.00,0.00,unica
2022-09-04,0.00,0.00,0.00,0.00,0.00,0.00,0.00,0.00,0.00,unica
2022-09-05,0.00,0.00,0.00,0.00,0.00,0.00,0.00,0.00,0.00,unica
2022-09-06,0.00,0.00,0.00,0.00,0.00,0.00,0.00,0.00,0.00,unica
2022-09-07,0.00,0.00,0.00,0.00,0.00,0.00,0.00,0.00,0.00,unica
2022-09-08,0.00,0.00,0.00,0.00,0.00,0.00,0.00,0.00,0.00,unica
2022-09-09,0.00,0.00,0.00,0.00,0.00,0.00,0.00,0.00,0.00,unica
2022-09-10,0.00,0.00,0.00,0.00,0.00,0.00,0.00,0.00,0.00,unica
2022-09-11,0.00,0.00,0.00,0.00,0.00,0.00,0.00,0.00,0.00,unica
2022-09-12,0.00,0.00,0.00,0.00,0.00,0.00,0.00,0.00,0.00,unica
2022-09-13,0.00,0.00,0.00,0.00,0.00,0.00,0.00,0.00,0.00,unica
2022-09-14,0.00,0.00,0.00,0.00,0.00,0.00,0.00,0.00,0.00,unica
2022-09-15,0.00,0.00,0.00,0.00,0.00,0.00,0.00,0.00,0.00,unica
2022-09-16,0.00,0.00,0.00,0.00,0.00,0.00,0.00,0.00,0.00,unica
2022-09-18,0.00,0.00,0.00,0.00,0.00,0.00,0.00,0.00,0.00,unica
2022-09-19,0.00,0.00,0.00,0.00,0.00,0.00,0.00,0.00,0.00,unica
2022-09-20,0.00,0.00,0.00,0.00,0.00,0.00,0.00,0.00,0.00,unica
2022-09-21,0.00,0.00,0.00,0.00,0.00,0.00,0.00,0.00,0.00,unica
2022-09-22,0.00,0.00,0.00,0.00,0.00,0.00,0.00,0.00,0.00,unica
2022-09-23,0.00,0.00,0.00,0.00,0.00,0.00,0.00,0.00,0.00,unica
2022-09-24,0.00,0.00,0.00,0.00,0.00,0.00,0.00,0.00,0.00,unica
2022-09-25,0.00,0.00,0.00,0.00,0.00,0.00,0.00,0.00,0.00,unica
2022-09-26,0.00,0.00,0.00,0.00,0.00,0.00,0.00,0.00,0.00,unica
2022-09-27,0.00,0.00,0.00,0.00,0.00,0.00,0.00,0.00,0.00,unica
2022-09-28,0.00,0.00,0.00,0.00,0.00,0.00,0.00,0.00,0.00,unica
2022-09-29,0.00,0.00,0.00,0.00,0.00,0.00,0.00,0.00,0.00,unica
2022-09-30,0.00,0.00,0.00,0.00,0.00,0.00,0.00,0.00,0.00,unica
2022-10-01,0.00,0.00,0.00,0.00,0.00,0.00,0.00,0.00,0.00,unica
2022-10-02,0.00,0.00,0.00,0.00,0.00,0.00,0.00,0.00,0.00,unica
2022-10-03,0.00,0.00,0.00,0.00,0.00,0.00,0.00,0.00,0.00,unica
2022-10-04,0.00,0.00,0.00,0.00,0.00,0.00,0.00,0.00,0.00,unica
2022-10-06,0.00,0.00,0.00,0.00,0.00,0.00,0.00,0.00,0.00,unica
2022-10-07,0.00,0.00,0.00,0.00,0.00,0.00,0.00,0.00,0.00,unica
2022-07-07,322.00,584.00,760.00,103.00,144.00,166.00,690.00,78.00,23.00,anual
2022-07-08,364.00,777.00,1127.00,116.00,211.00,179.00,792.00,90.00,22.00,anual
2022-07-09,75.00,524.00,383.00,61.00,89.00,27.00,430.00,1.00,4.00,anual
2022-07-10,13.00,18.00,127.00,2.00,7.00,11.00,250.00,0.00,0.00,anual
2022-07-11,283.00,608.00,827.00,171.00,83.00,211.00,703.00,68.00,31.00,anual
2022-07-12,352.00,886.00,967.00,173.00,178.00,312.00,745.00,54.00,40.00,anual
2022-07-13,284.00,848.00,1052.00,234.00,220.00,392.00,887.00,88.00,50.00,anual
2022-07-14,231.00,664.00,807.00,78.00,145.00,294.00,847.00,92.00,54.00,anual
2022-07-15,549.00,799.00,1214.00,213.00,257.00,415.00,904.00,96.00,153.00,anual
2022-07-16,157.00,198.00,582.00,84.00,81.00,141.00,359.00,33.00,51.00,anual
2022-07-17,32.00,21.00,121.00,3.00,0.00,13.00,170.00,0.00,0.00,anual
2022-07-18,243.00,513.00,682.00,110.00,144.00,228.00,700.00,47.00,25.00,anual
2022-07-19,392.00,1029.00,1084.00,192.00,289.00,433.00,1345.00,127.00,81.00,anual
2022-07-20,415.00,1237.00,1195.00,165.00,235.00,517.00,1588.00,113.00,114.00,anual
2022-07-21,441.00,1416.00,1285.00,281.00,334.00,494.00,1571.00,129.00,115.00,anual
2022-07-22,398.00,1405.00,1244.00,239.00,313.00,453.00,1425.00,96.00,98.00,anual
2022-07-23,172.00,523.00,482.00,151.00,117.00,150.00,452.00,31.00,13.00,anual
2022-07-24,54.00,61.00,143.00,21.00,5.00,2.00,262.00,0.00,4.00,anual
2022-07-25,303.00,738.00,994.00,199.00,125.00,205.00,445.00,28.00,22.00,anual
2022-07-26,315.00,1263.00,1058.00,312.00,149.00,335.00,984.00,32.00,59.00,anual
2022-07-27,326.00,1382.00,1120.00,205.00,246.00,339.00,1174.00,45.00,81.00,anual
2022-07-28,249.00,1147.00,1102.00,252.00,234.00,276.00,1128.00,97.00,79.00,anual
2022-07-29,343.00,1325.00,1119.00,257.00,273.00,345.00,1223.00,85.00,58.00,anual
2022-07-30,233.00,799.00,717.00,141.00,152.00,116.00,564.00,26.00,24.00,anual
2022-07-31,23.00,40.00,184.00,27.00,4.00,22.00,272.00,1.00,1.00,anual
2022-08-01,190.00,504.00,676.00,127.00,130.00,133.00,760.00,36.00,52.00,anual
2022-08-02,146.00,839.00,825.00,195.00,145.00,260.00,794.00,66.00,39.00,anual
2022-08-03,131.00,522.00,586.00,129.00,161.00,180.00,710.00,47.00,32.00,anual
2022-08-04,213.00,578.00,707.00,144.00,152.00,209.00,641.00,95.00,50.00,anual
2022-08-05,144.00,569.00,735.00,133.00,275.00,280.00,646.00,40.00,42.00,anual
2022-08-06,33.00,179.00,173.00,27.00,33.00,57.00,256.00,6.00,4.00,anual
2022-08-07,7.00,26.00,90.00,11.00,3.00,0.00,155.00,0.00,0.00,anual
2022-08-08,98.00,292.00,418.00,60.00,82.00,124.00,146.00,17.00,23.00,anual
2022-08-09,129.00,438.00,669.00,99.00,148.00,167.00,239.00,37.00,39.00,anual
2022-08-10,222.00,600.00,695.00,116.00,182.00,156.00,510.00,41.00,34.00,anual
2022-08-11,325.00,466.00,565.00,104.00,189.00,154.00,509.00,40.00,75.00,anual
2022-08-12,238.00,732.00,847.00,175.00,264.00,169.00,699.00,122.00,27.00,anual
2022-08-13,66.00,206.00,227.00,31.00,29.00,27.00,164.00,16.00,4.00,anual
2022-08-14,11.00,18.00,57.00,9.00,45.00,1.00,107.00,0.00,0.00,anual
2022-08-15,106.00,324.00,415.00,136.00,144.00,86.00,529.00,44.00,33.00,anual
2022-08-16,170.00,406.00,442.00,136.00,191.00,130.00,477.00,45.00,38.00,anual
2022-08-17,194.00,449.00,512.00,124.00,188.00,153.00,546.00,55.00,35.00,anual
2022-08-18,163.00,414.00,538.00,89.00,146.00,149.00,415.00,25.00,18.00,anual
2022-08-19,141.00,464.00,535.00,100.00,147.00,127.00,434.00,59.00,5.00,anual
2022-08-20,72.00,238.00,241.00,49.00,58.00,77.00,279.00,52.00,1.00,anual
2022-08-21,11.00,13.00,89.00,7.00,12.00,0.00,53.00,0.00,0.00,anual
2022-08-22,180.00,246.00,366.00,53.00,104.00,114.00,399.00,16.00,10.00,anual
2022-08-23,212.00,495.00,618.00,107.00,135.00,138.00,486.00,39.00,34.00,anual
2022-08-24,241.00,462.00,642.00,59.00,136.00,160.00,532.00,53.00,32.00,anual
2022-08-25,150.00,360.00,521.00,59.00,148.00,151.00,422.00,31.00,64.00,anual
2022-08-26,210.00,482.00,834.00,42.00,117.00,171.00,469.00,23.00,35.00,anual
2022-08-28,92.00,216.00,401.00,58.00,69.00,41.00,348.00,10.00,12.00,anual
2022-08-29,111.00,326.00,485.00,37.00,57.00,86.00,305.00,19.00,5.00,anual
2022-08-30,103.00,365.00,519.00,78.00,89.00,127.00,416.00,23.00,30.00,anual
2022-08-31,158.00,387.00,527.00,63.00,80.00,136.00,410.00,22.00,29.00,anual
2022-09-01,117.00,449.00,487.00,78.00,64.00,150.00,370.00,12.00,32.00,anual
2022-09-02,83.00,473.00,516.00,37.00,43.00,93.00,381.00,6.00,16.00,anual
2022-09-03,33.00,302.00,214.00,33.00,23.00,28.00,233.00,9.00,4.00,anual
2022-09-04,6.00,1.00,157.00,1.00,0.00,1.00,66.00,0.00,0.00,anual
2022-09-05,57.00,215.00,381.00,27.00,35.00,74.00,358.00,26.00,10.00,anual
2022-09-06,77.00,319.00,602.00,53.00,39.00,94.00,445.00,17.00,12.00,anual
2022-09-07,77.00,411.00,544.00,43.00,47.00,70.00,485.00,8.00,30.00,anual
2022-09-08,74.00,370.00,458.00,56.00,63.00,93.00,354.00,18.00,11.00,anual
2022-09-09,74.00,380.00,541.00,47.00,103.00,125.00,348.00,17.00,11.00,anual
2022-09-10,22.00,199.00,168.00,14.00,77.00,30.00,209.00,1.00,17.00,anual
2022-09-11,4.00,32.00,62.00,1.00,3.00,0.00,95.00,3.00,1.00,anual
2022-09-12,68.00,194.00,282.00,20.00,62.00,64.00,428.00,9.00,11.00,anual
2022-09-13,141.00,361.00,387.00,63.00,54.00,103.00,335.00,22.00,18.00,anual
2022-09-14,168.00,448.00,127.00,47.00,92.00,110.00,284.00,25.00,16.00,anual
2022-09-15,140.00,293.00,395.00,69.00,59.00,78.00,261.00,19.00,23.00,anual
2022-09-16,117.00,355.00,489.00,93.00,85.00,62.00,408.00,19.00,3.00,anual
2022-09-18,118.00,192.00,235.00,39.00,70.00,50.00,169.00,8.00,6.00,anual
2022-09-19,156.00,194.00,314.00,38.00,40.00,108.00,294.00,9.00,4.00,anual
2022-09-20,156.00,339.00,588.00,36.00,104.00,69.00,383.00,32.00,41.00,anual
2022-09-21,158.00,285.00,604.00,55.00,73.00,81.00,365.00,14.00,23.00,anual
2022-09-22,99.00,323.00,467.00,63.00,79.00,57.00,270.00,10.00,9.00,anual
2022-09-23,121.00,436.00,749.00,93.00,60.00,57.00,434.00,10.00,9.00,anual
2022-09-24,84.00,344.00,232.00,36.00,22.00,12.00,103.00,10.00,23.00,anual
2022-09-25,16.00,119.00,45.00,3.00,85.00,2.00,40.00,0.00,0.00,anual
2022-09-26,74.00,208.00,386.00,51.00,70.00,56.00,297.00,9.00,10.00,anual
2022-09-27,96.00,463.00,684.00,69.00,106.00,69.00,456.00,20.00,15.00,anual
2022-09-28,130.00,350.00,760.00,76.00,62.00,109.00,302.00,39.00,8.00,anual
2022-09-29,144.00,410.00,671.00,104.00,104.00,74.00,436.00,7.00,12.00,anual
2022-09-30,197.00,386.00,720.00,89.00,78.00,90.00,499.00,39.00,15.00,anual
2022-10-01,170.00,165.00,293.00,37.00,50.00,30.00,219.00,26.00,3.00,anual
2022-10-02,1.00,13.00,20.00,9.00,1.00,0.00,60.00,1.00,0.00,anual
2022-10-03,19.00,140.00,114.00,26.00,14.00,46.00,242.00,4.00,5.00,anual
2022-10-04,53.00,252.00,189.00,30.00,33.00,66.00,313.00,4.00,14.00,anual
2022-10-06,140.00,657.00,366.00,94.00,74.00,93.00,636.00,34.00,36.00,anual
2022-10-07,67.00,300.00,255.00,26.00,42.00,75.00,388.00,0.00,8.00,anual
